dataset,feature,selection_frequency
torres_torres,power_delta_C3,0.63
torres_torres,power_theta_C3,0.6405
torres_torres,power_alpha_C3,0.9845
torres_torres,power_beta_C3,0.5435
torres_torres,power_gamma_C3,0.698
torres_torres,power_delta_C4,0.53
torres_torres,power_theta_C4,0.6475
torres_torres,power_alpha_C4,0.498
torres_torres,power_beta_C4,0.3575
torres_torres,power_gamma_C4,0.8375
torres_torres,power_delta_F3,0.4695
torres_torres,power_theta_F3,0.7965
torres_torres,power_alpha_F3,0.3445
torres_torres,power_beta_F3,0.685
torres_torres,power_gamma_F3,0.351
torres_torres,power_delta_F4,0.382
torres_torres,power_theta_F4,0.757
torres_torres,power_alpha_F4,0.4295
torres_torres,power_beta_F4,0.611
torres_torres,power_gamma_F4,0.388
torres_torres,power_delta_F7,0.52
torres_torres,power_theta_F7,0.777
torres_torres,power_alpha_F7,0.552
torres_torres,power_beta_F7,0.5335
torres_torres,power_gamma_F7,0.4505
torres_torres,power_delta_F8,0.4795
torres_torres,power_theta_F8,0.619
torres_torres,power_alpha_F8,0.6255
torres_torres,power_beta_F8,0.7865
torres_torres,power_gamma_F8,0.7045
torres_torres,power_delta_Fp1,0.52
torres_torres,power_theta_Fp1,0.357
torres_torres,power_alpha_Fp1,0.301
torres_torres,power_beta_Fp1,0.8165
torres_torres,power_gamma_Fp1,0.356
torres_torres,power_delta_Fp2,0.4335
torres_torres,power_theta_Fp2,0.421
torres_torres,power_alpha_Fp2,0.254
torres_torres,power_beta_Fp2,0.6185
torres_torres,power_gamma_Fp2,0.2745
torres_torres,power_delta_Fz,0.427
torres_torres,power_theta_Fz,0.733
torres_torres,power_alpha_Fz,0.351
torres_torres,power_beta_Fz,0.534
torres_torres,power_gamma_Fz,0.348
torres_torres,power_delta_P7,0.6975
torres_torres,power_theta_P7,0.726
torres_torres,power_alpha_P7,0.8385
torres_torres,power_beta_P7,0.281
torres_torres,power_gamma_P7,0.472
torres_torres,power_delta_P8,0.79
torres_torres,power_theta_P8,0.5885
torres_torres,power_alpha_P8,0.5815
torres_torres,power_beta_P8,0.6635
torres_torres,power_gamma_P8,0.658
torres_torres,power_delta_T7,0.509
torres_torres,power_theta_T7,0.6475
torres_torres,power_alpha_T7,0.4155
torres_torres,power_beta_T7,0.488
torres_torres,power_gamma_T7,0.5025
torres_torres,power_delta_T8,0.6225
torres_torres,power_theta_T8,0.956
torres_torres,power_alpha_T8,0.9145
torres_torres,power_beta_T8,0.477
torres_torres,power_gamma_T8,0.3385
torres_torres,wpli_delta_C3_C4,0.445
torres_torres,wpli_theta_C3_C4,0.687
torres_torres,wpli_alpha_C3_C4,0.3865
torres_torres,wpli_beta_C3_C4,0.257
torres_torres,wpli_gamma_C3_C4,0.4855
torres_torres,wpli_delta_C3_F3,0.3205
torres_torres,wpli_theta_C3_F3,0.038
torres_torres,wpli_alpha_C3_F3,0.2385
torres_torres,wpli_beta_C3_F3,0.248
torres_torres,wpli_gamma_C3_F3,0.327
torres_torres,wpli_delta_C4_F3,0.2385
torres_torres,wpli_theta_C4_F3,0.081
torres_torres,wpli_alpha_C4_F3,0.123
torres_torres,wpli_beta_C4_F3,0.3605
torres_torres,wpli_gamma_C4_F3,0.178
torres_torres,wpli_delta_C3_F4,0.3455
torres_torres,wpli_theta_C3_F4,0.675
torres_torres,wpli_alpha_C3_F4,0.2455
torres_torres,wpli_beta_C3_F4,0.0655
torres_torres,wpli_gamma_C3_F4,0.206
torres_torres,wpli_delta_C4_F4,0.2715
torres_torres,wpli_theta_C4_F4,0.2325
torres_torres,wpli_alpha_C4_F4,0.1085
torres_torres,wpli_beta_C4_F4,0.1475
torres_torres,wpli_gamma_C4_F4,0.09
torres_torres,wpli_delta_F3_F4,0.382
torres_torres,wpli_theta_F3_F4,0.413
torres_torres,wpli_alpha_F3_F4,0.383
torres_torres,wpli_beta_F3_F4,0.3015
torres_torres,wpli_gamma_F3_F4,0.1695
torres_torres,wpli_delta_C3_F7,0.1155
torres_torres,wpli_theta_C3_F7,0.3355
torres_torres,wpli_alpha_C3_F7,0.151
torres_torres,wpli_beta_C3_F7,0.2325
torres_torres,wpli_gamma_C3_F7,0.201
torres_torres,wpli_delta_C4_F7,0.38
torres_torres,wpli_theta_C4_F7,0.3255
torres_torres,wpli_alpha_C4_F7,0.056
torres_torres,wpli_beta_C4_F7,0.058
torres_torres,wpli_gamma_C4_F7,0.097
torres_torres,wpli_delta_F3_F7,0.417
torres_torres,wpli_theta_F3_F7,0.9095
torres_torres,wpli_alpha_F3_F7,0.246
torres_torres,wpli_beta_F3_F7,0.169
torres_torres,wpli_gamma_F3_F7,0.2905
torres_torres,wpli_delta_F4_F7,0.3045
torres_torres,wpli_theta_F4_F7,0.307
torres_torres,wpli_alpha_F4_F7,0.384
torres_torres,wpli_beta_F4_F7,0.1025
torres_torres,wpli_gamma_F4_F7,0.302
torres_torres,wpli_delta_C3_F8,0.622
torres_torres,wpli_theta_C3_F8,0.9765
torres_torres,wpli_alpha_C3_F8,0.512
torres_torres,wpli_beta_C3_F8,0.0945
torres_torres,wpli_gamma_C3_F8,0.467
torres_torres,wpli_delta_C4_F8,0.669
torres_torres,wpli_theta_C4_F8,0.482
torres_torres,wpli_alpha_C4_F8,0.066
torres_torres,wpli_beta_C4_F8,0.074
torres_torres,wpli_gamma_C4_F8,0.105
torres_torres,wpli_delta_F3_F8,0.711
torres_torres,wpli_theta_F3_F8,0.714
torres_torres,wpli_alpha_F3_F8,0.6075
torres_torres,wpli_beta_F3_F8,0.082
torres_torres,wpli_gamma_F3_F8,0.4
torres_torres,wpli_delta_F4_F8,0.136
torres_torres,wpli_theta_F4_F8,0.5005
torres_torres,wpli_alpha_F4_F8,0.6215
torres_torres,wpli_beta_F4_F8,0.0575
torres_torres,wpli_gamma_F4_F8,0.1925
torres_torres,wpli_delta_F7_F8,0.4125
torres_torres,wpli_theta_F7_F8,0.43
torres_torres,wpli_alpha_F7_F8,0.335
torres_torres,wpli_beta_F7_F8,0.1605
torres_torres,wpli_gamma_F7_F8,0.3025
torres_torres,wpli_delta_C3_Fp1,0.725
torres_torres,wpli_theta_C3_Fp1,0.234
torres_torres,wpli_alpha_C3_Fp1,0.084
torres_torres,wpli_beta_C3_Fp1,0.1705
torres_torres,wpli_gamma_C3_Fp1,0.1415
torres_torres,wpli_delta_C4_Fp1,0.264
torres_torres,wpli_theta_C4_Fp1,0.359
torres_torres,wpli_alpha_C4_Fp1,0.0675
torres_torres,wpli_beta_C4_Fp1,0.069
torres_torres,wpli_gamma_C4_Fp1,0.1595
torres_torres,wpli_delta_F3_Fp1,0.4835
torres_torres,wpli_theta_F3_Fp1,0.9355
torres_torres,wpli_alpha_F3_Fp1,0.8145
torres_torres,wpli_beta_F3_Fp1,0.098
torres_torres,wpli_gamma_F3_Fp1,0.1325
torres_torres,wpli_delta_F4_Fp1,0.591
torres_torres,wpli_theta_F4_Fp1,0.795
torres_torres,wpli_alpha_F4_Fp1,0.1145
torres_torres,wpli_beta_F4_Fp1,0.083
torres_torres,wpli_gamma_F4_Fp1,0.2385
torres_torres,wpli_delta_F7_Fp1,0.288
torres_torres,wpli_theta_F7_Fp1,0.367
torres_torres,wpli_alpha_F7_Fp1,0.374
torres_torres,wpli_beta_F7_Fp1,0.0545
torres_torres,wpli_gamma_F7_Fp1,0.117
torres_torres,wpli_delta_F8_Fp1,0.223
torres_torres,wpli_theta_F8_Fp1,0.504
torres_torres,wpli_alpha_F8_Fp1,0.5315
torres_torres,wpli_beta_F8_Fp1,0.045
torres_torres,wpli_gamma_F8_Fp1,0.4135
torres_torres,wpli_delta_C3_Fp2,0.0335
torres_torres,wpli_theta_C3_Fp2,0.153
torres_torres,wpli_alpha_C3_Fp2,0.1
torres_torres,wpli_beta_C3_Fp2,0.469
torres_torres,wpli_gamma_C3_Fp2,0.1525
torres_torres,wpli_delta_C4_Fp2,0.7345
torres_torres,wpli_theta_C4_Fp2,0.1745
torres_torres,wpli_alpha_C4_Fp2,0.309
torres_torres,wpli_beta_C4_Fp2,0.296
torres_torres,wpli_gamma_C4_Fp2,0.344
torres_torres,wpli_delta_F3_Fp2,0.313
torres_torres,wpli_theta_F3_Fp2,0.265
torres_torres,wpli_alpha_F3_Fp2,0.152
torres_torres,wpli_beta_F3_Fp2,0.1615
torres_torres,wpli_gamma_F3_Fp2,0.187
torres_torres,wpli_delta_F4_Fp2,0.1205
torres_torres,wpli_theta_F4_Fp2,0.543
torres_torres,wpli_alpha_F4_Fp2,0.1765
torres_torres,wpli_beta_F4_Fp2,0.06
torres_torres,wpli_gamma_F4_Fp2,0.234
torres_torres,wpli_delta_F7_Fp2,0.401
torres_torres,wpli_theta_F7_Fp2,0.238
torres_torres,wpli_alpha_F7_Fp2,0.2925
torres_torres,wpli_beta_F7_Fp2,0.0865
torres_torres,wpli_gamma_F7_Fp2,0.0765
torres_torres,wpli_delta_F8_Fp2,0.1825
torres_torres,wpli_theta_F8_Fp2,0.505
torres_torres,wpli_alpha_F8_Fp2,0.472
torres_torres,wpli_beta_F8_Fp2,0.138
torres_torres,wpli_gamma_F8_Fp2,0.337
torres_torres,wpli_delta_Fp1_Fp2,0.294
torres_torres,wpli_theta_Fp1_Fp2,0.7965
torres_torres,wpli_alpha_Fp1_Fp2,0.168
torres_torres,wpli_beta_Fp1_Fp2,0.6125
torres_torres,wpli_gamma_Fp1_Fp2,0.0665
torres_torres,wpli_delta_C3_Fz,0.332
torres_torres,wpli_theta_C3_Fz,0.0505
torres_torres,wpli_alpha_C3_Fz,0.0665
torres_torres,wpli_beta_C3_Fz,0.2755
torres_torres,wpli_gamma_C3_Fz,0.0875
torres_torres,wpli_delta_C4_Fz,0.192
torres_torres,wpli_theta_C4_Fz,0.1155
torres_torres,wpli_alpha_C4_Fz,0.107
torres_torres,wpli_beta_C4_Fz,0.332
torres_torres,wpli_gamma_C4_Fz,0.078
torres_torres,wpli_delta_F3_Fz,0.601
torres_torres,wpli_theta_F3_Fz,0.3995
torres_torres,wpli_alpha_F3_Fz,0.2665
torres_torres,wpli_beta_F3_Fz,0.0405
torres_torres,wpli_gamma_F3_Fz,0.3195
torres_torres,wpli_delta_F4_Fz,0.5435
torres_torres,wpli_theta_F4_Fz,0.787
torres_torres,wpli_alpha_F4_Fz,0.5225
torres_torres,wpli_beta_F4_Fz,0.1785
torres_torres,wpli_gamma_F4_Fz,0.2025
torres_torres,wpli_delta_F7_Fz,0.589
torres_torres,wpli_theta_F7_Fz,0.276
torres_torres,wpli_alpha_F7_Fz,0.333
torres_torres,wpli_beta_F7_Fz,0.178
torres_torres,wpli_gamma_F7_Fz,0.1825
torres_torres,wpli_delta_F8_Fz,0.0925
torres_torres,wpli_theta_F8_Fz,0.7245
torres_torres,wpli_alpha_F8_Fz,0.768
torres_torres,wpli_beta_F8_Fz,0.1015
torres_torres,wpli_gamma_F8_Fz,0.1325
torres_torres,wpli_delta_Fp1_Fz,0.606
torres_torres,wpli_theta_Fp1_Fz,0.6835
torres_torres,wpli_alpha_Fp1_Fz,0.567
torres_torres,wpli_beta_Fp1_Fz,0.0315
torres_torres,wpli_gamma_Fp1_Fz,0.324
torres_torres,wpli_delta_Fp2_Fz,0.059
torres_torres,wpli_theta_Fp2_Fz,0.1075
torres_torres,wpli_alpha_Fp2_Fz,0.2445
torres_torres,wpli_beta_Fp2_Fz,0.4315
torres_torres,wpli_gamma_Fp2_Fz,0.0625
torres_torres,wpli_delta_C3_P7,0.5985
torres_torres,wpli_theta_C3_P7,0.4705
torres_torres,wpli_alpha_C3_P7,0.7385
torres_torres,wpli_beta_C3_P7,0.631
torres_torres,wpli_gamma_C3_P7,0.691
torres_torres,wpli_delta_C4_P7,0.663
torres_torres,wpli_theta_C4_P7,0.448
torres_torres,wpli_alpha_C4_P7,0.7625
torres_torres,wpli_beta_C4_P7,0.1695
torres_torres,wpli_gamma_C4_P7,0.158
torres_torres,wpli_delta_F3_P7,0.8975
torres_torres,wpli_theta_F3_P7,0.08
torres_torres,wpli_alpha_F3_P7,0.4605
torres_torres,wpli_beta_F3_P7,0.495
torres_torres,wpli_gamma_F3_P7,0.4095
torres_torres,wpli_delta_F4_P7,0.6555
torres_torres,wpli_theta_F4_P7,0.879
torres_torres,wpli_alpha_F4_P7,0.8185
torres_torres,wpli_beta_F4_P7,0.0805
torres_torres,wpli_gamma_F4_P7,0.0765
torres_torres,wpli_delta_F7_P7,0.479
torres_torres,wpli_theta_F7_P7,0.0875
torres_torres,wpli_alpha_F7_P7,0.171
torres_torres,wpli_beta_F7_P7,0.084
torres_torres,wpli_gamma_F7_P7,0.11
torres_torres,wpli_delta_F8_P7,0.2615
torres_torres,wpli_theta_F8_P7,0.8115
torres_torres,wpli_alpha_F8_P7,0.3
torres_torres,wpli_beta_F8_P7,0.1025
torres_torres,wpli_gamma_F8_P7,0.1755
torres_torres,wpli_delta_Fp1_P7,0.268
torres_torres,wpli_theta_Fp1_P7,0.158
torres_torres,wpli_alpha_Fp1_P7,0.2645
torres_torres,wpli_beta_Fp1_P7,0.0815
torres_torres,wpli_gamma_Fp1_P7,0.1105
torres_torres,wpli_delta_Fp2_P7,0.157
torres_torres,wpli_theta_Fp2_P7,0.034
torres_torres,wpli_alpha_Fp2_P7,0.381
torres_torres,wpli_beta_Fp2_P7,0.2745
torres_torres,wpli_gamma_Fp2_P7,0.1095
torres_torres,wpli_delta_Fz_P7,0.232
torres_torres,wpli_theta_Fz_P7,0.1585
torres_torres,wpli_alpha_Fz_P7,0.1275
torres_torres,wpli_beta_Fz_P7,0.2205
torres_torres,wpli_gamma_Fz_P7,0.0885
torres_torres,wpli_delta_C3_P8,0.267
torres_torres,wpli_theta_C3_P8,0.566
torres_torres,wpli_alpha_C3_P8,0.4715
torres_torres,wpli_beta_C3_P8,0.863
torres_torres,wpli_gamma_C3_P8,0.6645
torres_torres,wpli_delta_C4_P8,0.8465
torres_torres,wpli_theta_C4_P8,0.373
torres_torres,wpli_alpha_C4_P8,0.1245
torres_torres,wpli_beta_C4_P8,0.3095
torres_torres,wpli_gamma_C4_P8,0.135
torres_torres,wpli_delta_F3_P8,0.8195
torres_torres,wpli_theta_F3_P8,0.284
torres_torres,wpli_alpha_F3_P8,0.1975
torres_torres,wpli_beta_F3_P8,0.3325
torres_torres,wpli_gamma_F3_P8,0.0505
torres_torres,wpli_delta_F4_P8,0.2575
torres_torres,wpli_theta_F4_P8,0.229
torres_torres,wpli_alpha_F4_P8,0.4385
torres_torres,wpli_beta_F4_P8,0.0385
torres_torres,wpli_gamma_F4_P8,0.0475
torres_torres,wpli_delta_F7_P8,0.8935
torres_torres,wpli_theta_F7_P8,0.1125
torres_torres,wpli_alpha_F7_P8,0.0955
torres_torres,wpli_beta_F7_P8,0.116
torres_torres,wpli_gamma_F7_P8,0.0765
torres_torres,wpli_delta_F8_P8,0.192
torres_torres,wpli_theta_F8_P8,0.3275
torres_torres,wpli_alpha_F8_P8,0.3215
torres_torres,wpli_beta_F8_P8,0.044
torres_torres,wpli_gamma_F8_P8,0.069
torres_torres,wpli_delta_Fp1_P8,0.8505
torres_torres,wpli_theta_Fp1_P8,0.102
torres_torres,wpli_alpha_Fp1_P8,0.135
torres_torres,wpli_beta_Fp1_P8,0.1005
torres_torres,wpli_gamma_Fp1_P8,0.136
torres_torres,wpli_delta_Fp2_P8,0.9075
torres_torres,wpli_theta_Fp2_P8,0.2405
torres_torres,wpli_alpha_Fp2_P8,0.2125
torres_torres,wpli_beta_Fp2_P8,0.378
torres_torres,wpli_gamma_Fp2_P8,0.152
torres_torres,wpli_delta_Fz_P8,0.574
torres_torres,wpli_theta_Fz_P8,0.3355
torres_torres,wpli_alpha_Fz_P8,0.1145
torres_torres,wpli_beta_Fz_P8,0.168
torres_torres,wpli_gamma_Fz_P8,0.1865
torres_torres,wpli_delta_P7_P8,0.137
torres_torres,wpli_theta_P7_P8,0.959
torres_torres,wpli_alpha_P7_P8,0.579
torres_torres,wpli_beta_P7_P8,0.5655
torres_torres,wpli_gamma_P7_P8,0.988
torres_torres,wpli_delta_C3_T7,0.177
torres_torres,wpli_theta_C3_T7,0.6565
torres_torres,wpli_alpha_C3_T7,0.717
torres_torres,wpli_beta_C3_T7,0.3925
torres_torres,wpli_gamma_C3_T7,0.249
torres_torres,wpli_delta_C4_T7,0.187
torres_torres,wpli_theta_C4_T7,0.3735
torres_torres,wpli_alpha_C4_T7,0.977
torres_torres,wpli_beta_C4_T7,0.321
torres_torres,wpli_gamma_C4_T7,0.49
torres_torres,wpli_delta_F3_T7,0.255
torres_torres,wpli_theta_F3_T7,0.2835
torres_torres,wpli_alpha_F3_T7,0.5955
torres_torres,wpli_beta_F3_T7,0.081
torres_torres,wpli_gamma_F3_T7,0.076
torres_torres,wpli_delta_F4_T7,0.2185
torres_torres,wpli_theta_F4_T7,0.525
torres_torres,wpli_alpha_F4_T7,0.294
torres_torres,wpli_beta_F4_T7,0.1715
torres_torres,wpli_gamma_F4_T7,0.072
torres_torres,wpli_delta_F7_T7,0.2945
torres_torres,wpli_theta_F7_T7,0.068
torres_torres,wpli_alpha_F7_T7,0.097
torres_torres,wpli_beta_F7_T7,0.126
torres_torres,wpli_gamma_F7_T7,0.3105
torres_torres,wpli_delta_F8_T7,0.5865
torres_torres,wpli_theta_F8_T7,0.584
torres_torres,wpli_alpha_F8_T7,0.5965
torres_torres,wpli_beta_F8_T7,0.2495
torres_torres,wpli_gamma_F8_T7,0.1215
torres_torres,wpli_delta_Fp1_T7,0.119
torres_torres,wpli_theta_Fp1_T7,0.0995
torres_torres,wpli_alpha_Fp1_T7,0.1465
torres_torres,wpli_beta_Fp1_T7,0.226
torres_torres,wpli_gamma_Fp1_T7,0.0905
torres_torres,wpli_delta_Fp2_T7,0.3085
torres_torres,wpli_theta_Fp2_T7,0.169
torres_torres,wpli_alpha_Fp2_T7,0.2075
torres_torres,wpli_beta_Fp2_T7,0.0965
torres_torres,wpli_gamma_Fp2_T7,0.101
torres_torres,wpli_delta_Fz_T7,0.1735
torres_torres,wpli_theta_Fz_T7,0.2015
torres_torres,wpli_alpha_Fz_T7,0.382
torres_torres,wpli_beta_Fz_T7,0.2215
torres_torres,wpli_gamma_Fz_T7,0.0585
torres_torres,wpli_delta_P7_T7,0.4345
torres_torres,wpli_theta_P7_T7,0.5585
torres_torres,wpli_alpha_P7_T7,0.5985
torres_torres,wpli_beta_P7_T7,0.774
torres_torres,wpli_gamma_P7_T7,0.7205
torres_torres,wpli_delta_P8_T7,0.2865
torres_torres,wpli_theta_P8_T7,0.7985
torres_torres,wpli_alpha_P8_T7,0.177
torres_torres,wpli_beta_P8_T7,0.6905
torres_torres,wpli_gamma_P8_T7,0.2705
torres_torres,wpli_delta_C3_T8,0.203
torres_torres,wpli_theta_C3_T8,0.913
torres_torres,wpli_alpha_C3_T8,0.3665
torres_torres,wpli_beta_C3_T8,0.8305
torres_torres,wpli_gamma_C3_T8,0.5885
torres_torres,wpli_delta_C4_T8,0.2895
torres_torres,wpli_theta_C4_T8,0.358
torres_torres,wpli_alpha_C4_T8,0.2965
torres_torres,wpli_beta_C4_T8,0.2205
torres_torres,wpli_gamma_C4_T8,0.377
torres_torres,wpli_delta_F3_T8,0.126
torres_torres,wpli_theta_F3_T8,0.0445
torres_torres,wpli_alpha_F3_T8,0.2945
torres_torres,wpli_beta_F3_T8,0.1315
torres_torres,wpli_gamma_F3_T8,0.0825
torres_torres,wpli_delta_F4_T8,0.406
torres_torres,wpli_theta_F4_T8,0.126
torres_torres,wpli_alpha_F4_T8,0.482
torres_torres,wpli_beta_F4_T8,0.0875
torres_torres,wpli_gamma_F4_T8,0.1085
torres_torres,wpli_delta_F7_T8,0.686
torres_torres,wpli_theta_F7_T8,0.0905
torres_torres,wpli_alpha_F7_T8,0.159
torres_torres,wpli_beta_F7_T8,0.0515
torres_torres,wpli_gamma_F7_T8,0.131
torres_torres,wpli_delta_F8_T8,0.501
torres_torres,wpli_theta_F8_T8,0.066
torres_torres,wpli_alpha_F8_T8,0.055
torres_torres,wpli_beta_F8_T8,0.107
torres_torres,wpli_gamma_F8_T8,0.0395
torres_torres,wpli_delta_Fp1_T8,0.535
torres_torres,wpli_theta_Fp1_T8,0.051
torres_torres,wpli_alpha_Fp1_T8,0.1785
torres_torres,wpli_beta_Fp1_T8,0.0405
torres_torres,wpli_gamma_Fp1_T8,0.1115
torres_torres,wpli_delta_Fp2_T8,0.407
torres_torres,wpli_theta_Fp2_T8,0.0225
torres_torres,wpli_alpha_Fp2_T8,0.082
torres_torres,wpli_beta_Fp2_T8,0.1075
torres_torres,wpli_gamma_Fp2_T8,0.1675
torres_torres,wpli_delta_Fz_T8,0.37
torres_torres,wpli_theta_Fz_T8,0.0645
torres_torres,wpli_alpha_Fz_T8,0.3765
torres_torres,wpli_beta_Fz_T8,0.029
torres_torres,wpli_gamma_Fz_T8,0.0445
torres_torres,wpli_delta_P7_T8,0.3575
torres_torres,wpli_theta_P7_T8,0.869
torres_torres,wpli_alpha_P7_T8,0.1695
torres_torres,wpli_beta_P7_T8,0.7
torres_torres,wpli_gamma_P7_T8,0.6655
torres_torres,wpli_delta_P8_T8,0.1015
torres_torres,wpli_theta_P8_T8,0.544
torres_torres,wpli_alpha_P8_T8,0.314
torres_torres,wpli_beta_P8_T8,0.5725
torres_torres,wpli_gamma_P8_T8,0.945
torres_torres,wpli_delta_T7_T8,0.3235
torres_torres,wpli_theta_T7_T8,0.9635
torres_torres,wpli_alpha_T7_T8,0.256
torres_torres,wpli_beta_T7_T8,0.997
torres_torres,wpli_gamma_T7_T8,0.924
torres_torres,plzc_C3,0.0945
torres_torres,plzc_C4,0.099
torres_torres,plzc_F3,0.678
torres_torres,plzc_F4,0.759
torres_torres,plzc_F7,0.7115
torres_torres,plzc_F8,0.716
torres_torres,plzc_Fp1,0.582
torres_torres,plzc_Fp2,0.463
torres_torres,plzc_Fz,0.572
torres_torres,plzc_P7,0.6005
torres_torres,plzc_P8,0.688
torres_torres,plzc_T7,0.1265
torres_torres,plzc_T8,0.408
ibarra_zarate,power_delta_C3,0.807
ibarra_zarate,power_theta_C3,0.69
ibarra_zarate,power_alpha_C3,0.665
ibarra_zarate,power_beta_C3,0.374
ibarra_zarate,power_gamma_C3,0.672
ibarra_zarate,power_delta_C4,0.7905
ibarra_zarate,power_theta_C4,0.7535
ibarra_zarate,power_alpha_C4,0.6925
ibarra_zarate,power_beta_C4,0.3695
ibarra_zarate,power_gamma_C4,0.6005
ibarra_zarate,power_delta_F3,0.582
ibarra_zarate,power_theta_F3,0.426
ibarra_zarate,power_alpha_F3,0.3945
ibarra_zarate,power_beta_F3,0.352
ibarra_zarate,power_gamma_F3,0.68
ibarra_zarate,power_delta_F4,0.7515
ibarra_zarate,power_theta_F4,0.5045
ibarra_zarate,power_alpha_F4,0.2525
ibarra_zarate,power_beta_F4,0.368
ibarra_zarate,power_gamma_F4,0.713
ibarra_zarate,power_delta_F7,0.6485
ibarra_zarate,power_theta_F7,0.4945
ibarra_zarate,power_alpha_F7,0.375
ibarra_zarate,power_beta_F7,0.5045
ibarra_zarate,power_gamma_F7,0.716
ibarra_zarate,power_delta_F8,0.7085
ibarra_zarate,power_theta_F8,0.466
ibarra_zarate,power_alpha_F8,0.274
ibarra_zarate,power_beta_F8,0.4075
ibarra_zarate,power_gamma_F8,0.5995
ibarra_zarate,power_delta_Fp1,0.5895
ibarra_zarate,power_theta_Fp1,0.627
ibarra_zarate,power_alpha_Fp1,0.293
ibarra_zarate,power_beta_Fp1,0.4705
ibarra_zarate,power_gamma_Fp1,0.7315
ibarra_zarate,power_delta_Fp2,0.8695
ibarra_zarate,power_theta_Fp2,0.4955
ibarra_zarate,power_alpha_Fp2,0.315
ibarra_zarate,power_beta_Fp2,0.4365
ibarra_zarate,power_gamma_Fp2,0.4915
ibarra_zarate,power_delta_Fz,0.6115
ibarra_zarate,power_theta_Fz,0.4535
ibarra_zarate,power_alpha_Fz,0.29
ibarra_zarate,power_beta_Fz,0.3125
ibarra_zarate,power_gamma_Fz,0.548
ibarra_zarate,power_delta_P7,0.5525
ibarra_zarate,power_theta_P7,0.6545
ibarra_zarate,power_alpha_P7,0.55
ibarra_zarate,power_beta_P7,0.5845
ibarra_zarate,power_gamma_P7,0.57
ibarra_zarate,power_delta_P8,0.56
ibarra_zarate,power_theta_P8,0.766
ibarra_zarate,power_alpha_P8,0.6215
ibarra_zarate,power_beta_P8,0.4745
ibarra_zarate,power_gamma_P8,0.567
ibarra_zarate,power_delta_T7,0.55
ibarra_zarate,power_theta_T7,0.661
ibarra_zarate,power_alpha_T7,0.58
ibarra_zarate,power_beta_T7,0.4255
ibarra_zarate,power_gamma_T7,0.462
ibarra_zarate,power_delta_T8,0.7645
ibarra_zarate,power_theta_T8,0.737
ibarra_zarate,power_alpha_T8,0.4125
ibarra_zarate,power_beta_T8,0.622
ibarra_zarate,power_gamma_T8,0.667
ibarra_zarate,wpli_delta_C3_C4,0.9465
ibarra_zarate,wpli_theta_C3_C4,0.6985
ibarra_zarate,wpli_alpha_C3_C4,0.6165
ibarra_zarate,wpli_beta_C3_C4,0.598
ibarra_zarate,wpli_gamma_C3_C4,0.238
ibarra_zarate,wpli_delta_C3_F3,0.2785
ibarra_zarate,wpli_theta_C3_F3,0.8085
ibarra_zarate,wpli_alpha_C3_F3,0.232
ibarra_zarate,wpli_beta_C3_F3,0.3805
ibarra_zarate,wpli_gamma_C3_F3,0.7175
ibarra_zarate,wpli_delta_C4_F3,0.3405
ibarra_zarate,wpli_theta_C4_F3,0.49
ibarra_zarate,wpli_alpha_C4_F3,0.7235
ibarra_zarate,wpli_beta_C4_F3,0.3485
ibarra_zarate,wpli_gamma_C4_F3,0.4625
ibarra_zarate,wpli_delta_C3_F4,0.7085
ibarra_zarate,wpli_theta_C3_F4,0.614
ibarra_zarate,wpli_alpha_C3_F4,0.7835
ibarra_zarate,wpli_beta_C3_F4,0.709
ibarra_zarate,wpli_gamma_C3_F4,0.2445
ibarra_zarate,wpli_delta_C4_F4,0.314
ibarra_zarate,wpli_theta_C4_F4,0.4955
ibarra_zarate,wpli_alpha_C4_F4,0.393
ibarra_zarate,wpli_beta_C4_F4,0.4165
ibarra_zarate,wpli_gamma_C4_F4,0.443
ibarra_zarate,wpli_delta_F3_F4,0.2555
ibarra_zarate,wpli_theta_F3_F4,0.874
ibarra_zarate,wpli_alpha_F3_F4,0.4145
ibarra_zarate,wpli_beta_F3_F4,0.4835
ibarra_zarate,wpli_gamma_F3_F4,0.4915
ibarra_zarate,wpli_delta_C3_F7,0.8855
ibarra_zarate,wpli_theta_C3_F7,0.348
ibarra_zarate,wpli_alpha_C3_F7,0.365
ibarra_zarate,wpli_beta_C3_F7,0.705
ibarra_zarate,wpli_gamma_C3_F7,0.622
ibarra_zarate,wpli_delta_C4_F7,0.255
ibarra_zarate,wpli_theta_C4_F7,0.5845
ibarra_zarate,wpli_alpha_C4_F7,0.767
ibarra_zarate,wpli_beta_C4_F7,0.4145
ibarra_zarate,wpli_gamma_C4_F7,0.629
ibarra_zarate,wpli_delta_F3_F7,0.4735
ibarra_zarate,wpli_theta_F3_F7,0.63
ibarra_zarate,wpli_alpha_F3_F7,0.734
ibarra_zarate,wpli_beta_F3_F7,0.4275
ibarra_zarate,wpli_gamma_F3_F7,0.609
ibarra_zarate,wpli_delta_F4_F7,0.843
ibarra_zarate,wpli_theta_F4_F7,0.2295
ibarra_zarate,wpli_alpha_F4_F7,0.4005
ibarra_zarate,wpli_beta_F4_F7,0.54
ibarra_zarate,wpli_gamma_F4_F7,0.345
ibarra_zarate,wpli_delta_C3_F8,0.219
ibarra_zarate,wpli_theta_C3_F8,0.56
ibarra_zarate,wpli_alpha_C3_F8,0.2885
ibarra_zarate,wpli_beta_C3_F8,0.3165
ibarra_zarate,wpli_gamma_C3_F8,0.457
ibarra_zarate,wpli_delta_C4_F8,0.3125
ibarra_zarate,wpli_theta_C4_F8,0.4525
ibarra_zarate,wpli_alpha_C4_F8,0.4935
ibarra_zarate,wpli_beta_C4_F8,0.4555
ibarra_zarate,wpli_gamma_C4_F8,0.3425
ibarra_zarate,wpli_delta_F3_F8,0.813
ibarra_zarate,wpli_theta_F3_F8,0.584
ibarra_zarate,wpli_alpha_F3_F8,0.3105
ibarra_zarate,wpli_beta_F3_F8,0.8095
ibarra_zarate,wpli_gamma_F3_F8,0.5515
ibarra_zarate,wpli_delta_F4_F8,0.6435
ibarra_zarate,wpli_theta_F4_F8,0.377
ibarra_zarate,wpli_alpha_F4_F8,0.3395
ibarra_zarate,wpli_beta_F4_F8,0.6935
ibarra_zarate,wpli_gamma_F4_F8,0.4085
ibarra_zarate,wpli_delta_F7_F8,0.84
ibarra_zarate,wpli_theta_F7_F8,0.452
ibarra_zarate,wpli_alpha_F7_F8,0.2415
ibarra_zarate,wpli_beta_F7_F8,0.575
ibarra_zarate,wpli_gamma_F7_F8,0.932
ibarra_zarate,wpli_delta_C3_Fp1,0.6465
ibarra_zarate,wpli_theta_C3_Fp1,0.2205
ibarra_zarate,wpli_alpha_C3_Fp1,0.34
ibarra_zarate,wpli_beta_C3_Fp1,0.2425
ibarra_zarate,wpli_gamma_C3_Fp1,0.4345
ibarra_zarate,wpli_delta_C4_Fp1,0.343
ibarra_zarate,wpli_theta_C4_Fp1,0.3415
ibarra_zarate,wpli_alpha_C4_Fp1,0.268
ibarra_zarate,wpli_beta_C4_Fp1,0.204
ibarra_zarate,wpli_gamma_C4_Fp1,0.2635
ibarra_zarate,wpli_delta_F3_Fp1,0.526
ibarra_zarate,wpli_theta_F3_Fp1,0.371
ibarra_zarate,wpli_alpha_F3_Fp1,0.608
ibarra_zarate,wpli_beta_F3_Fp1,0.2835
ibarra_zarate,wpli_gamma_F3_Fp1,0.425
ibarra_zarate,wpli_delta_F4_Fp1,0.4045
ibarra_zarate,wpli_theta_F4_Fp1,0.618
ibarra_zarate,wpli_alpha_F4_Fp1,0.623
ibarra_zarate,wpli_beta_F4_Fp1,0.2775
ibarra_zarate,wpli_gamma_F4_Fp1,0.367
ibarra_zarate,wpli_delta_F7_Fp1,0.3355
ibarra_zarate,wpli_theta_F7_Fp1,0.5075
ibarra_zarate,wpli_alpha_F7_Fp1,0.597
ibarra_zarate,wpli_beta_F7_Fp1,0.643
ibarra_zarate,wpli_gamma_F7_Fp1,0.6955
ibarra_zarate,wpli_delta_F8_Fp1,0.3545
ibarra_zarate,wpli_theta_F8_Fp1,0.277
ibarra_zarate,wpli_alpha_F8_Fp1,0.3705
ibarra_zarate,wpli_beta_F8_Fp1,0.409
ibarra_zarate,wpli_gamma_F8_Fp1,0.458
ibarra_zarate,wpli_delta_C3_Fp2,0.616
ibarra_zarate,wpli_theta_C3_Fp2,0.352
ibarra_zarate,wpli_alpha_C3_Fp2,0.641
ibarra_zarate,wpli_beta_C3_Fp2,0.3115
ibarra_zarate,wpli_gamma_C3_Fp2,0.778
ibarra_zarate,wpli_delta_C4_Fp2,0.338
ibarra_zarate,wpli_theta_C4_Fp2,0.3975
ibarra_zarate,wpli_alpha_C4_Fp2,0.312
ibarra_zarate,wpli_beta_C4_Fp2,0.579
ibarra_zarate,wpli_gamma_C4_Fp2,0.791
ibarra_zarate,wpli_delta_F3_Fp2,0.162
ibarra_zarate,wpli_theta_F3_Fp2,0.2925
ibarra_zarate,wpli_alpha_F3_Fp2,0.8315
ibarra_zarate,wpli_beta_F3_Fp2,0.6465
ibarra_zarate,wpli_gamma_F3_Fp2,0.393
ibarra_zarate,wpli_delta_F4_Fp2,0.23
ibarra_zarate,wpli_theta_F4_Fp2,0.363
ibarra_zarate,wpli_alpha_F4_Fp2,0.3935
ibarra_zarate,wpli_beta_F4_Fp2,0.381
ibarra_zarate,wpli_gamma_F4_Fp2,0.437
ibarra_zarate,wpli_delta_F7_Fp2,0.27
ibarra_zarate,wpli_theta_F7_Fp2,0.4065
ibarra_zarate,wpli_alpha_F7_Fp2,0.588
ibarra_zarate,wpli_beta_F7_Fp2,0.534
ibarra_zarate,wpli_gamma_F7_Fp2,0.8095
ibarra_zarate,wpli_delta_F8_Fp2,0.3415
ibarra_zarate,wpli_theta_F8_Fp2,0.465
ibarra_zarate,wpli_alpha_F8_Fp2,0.3925
ibarra_zarate,wpli_beta_F8_Fp2,0.396
ibarra_zarate,wpli_gamma_F8_Fp2,0.5775
ibarra_zarate,wpli_delta_Fp1_Fp2,0.42
ibarra_zarate,wpli_theta_Fp1_Fp2,0.5375
ibarra_zarate,wpli_alpha_Fp1_Fp2,0.369
ibarra_zarate,wpli_beta_Fp1_Fp2,0.4945
ibarra_zarate,wpli_gamma_Fp1_Fp2,0.3305
ibarra_zarate,wpli_delta_C3_Fz,0.4975
ibarra_zarate,wpli_theta_C3_Fz,0.571
ibarra_zarate,wpli_alpha_C3_Fz,0.4115
ibarra_zarate,wpli_beta_C3_Fz,0.549
ibarra_zarate,wpli_gamma_C3_Fz,0.5685
ibarra_zarate,wpli_delta_C4_Fz,0.311
ibarra_zarate,wpli_theta_C4_Fz,0.3445
ibarra_zarate,wpli_alpha_C4_Fz,0.262
ibarra_zarate,wpli_beta_C4_Fz,0.3835
ibarra_zarate,wpli_gamma_C4_Fz,0.5225
ibarra_zarate,wpli_delta_F3_Fz,0.451
ibarra_zarate,wpli_theta_F3_Fz,0.494
ibarra_zarate,wpli_alpha_F3_Fz,0.3445
ibarra_zarate,wpli_beta_F3_Fz,0.3565
ibarra_zarate,wpli_gamma_F3_Fz,0.4805
ibarra_zarate,wpli_delta_F4_Fz,0.879
ibarra_zarate,wpli_theta_F4_Fz,0.3795
ibarra_zarate,wpli_alpha_F4_Fz,0.429
ibarra_zarate,wpli_beta_F4_Fz,0.5295
ibarra_zarate,wpli_gamma_F4_Fz,0.7505
ibarra_zarate,wpli_delta_F7_Fz,0.857
ibarra_zarate,wpli_theta_F7_Fz,0.3595
ibarra_zarate,wpli_alpha_F7_Fz,0.3555
ibarra_zarate,wpli_beta_F7_Fz,0.511
ibarra_zarate,wpli_gamma_F7_Fz,0.384
ibarra_zarate,wpli_delta_F8_Fz,0.2415
ibarra_zarate,wpli_theta_F8_Fz,0.335
ibarra_zarate,wpli_alpha_F8_Fz,0.6605
ibarra_zarate,wpli_beta_F8_Fz,0.376
ibarra_zarate,wpli_gamma_F8_Fz,0.355
ibarra_zarate,wpli_delta_Fp1_Fz,0.878
ibarra_zarate,wpli_theta_Fp1_Fz,0.371
ibarra_zarate,wpli_alpha_Fp1_Fz,0.6715
ibarra_zarate,wpli_beta_Fp1_Fz,0.6045
ibarra_zarate,wpli_gamma_Fp1_Fz,0.3395
ibarra_zarate,wpli_delta_Fp2_Fz,0.304
ibarra_zarate,wpli_theta_Fp2_Fz,0.3585
ibarra_zarate,wpli_alpha_Fp2_Fz,0.423
ibarra_zarate,wpli_beta_Fp2_Fz,0.936
ibarra_zarate,wpli_gamma_Fp2_Fz,0.5195
ibarra_zarate,wpli_delta_C3_P7,0.5965
ibarra_zarate,wpli_theta_C3_P7,0.316
ibarra_zarate,wpli_alpha_C3_P7,0.45
ibarra_zarate,wpli_beta_C3_P7,0.476
ibarra_zarate,wpli_gamma_C3_P7,0.5835
ibarra_zarate,wpli_delta_C4_P7,0.5835
ibarra_zarate,wpli_theta_C4_P7,0.3675
ibarra_zarate,wpli_alpha_C4_P7,0.417
ibarra_zarate,wpli_beta_C4_P7,0.354
ibarra_zarate,wpli_gamma_C4_P7,0.766
ibarra_zarate,wpli_delta_F3_P7,0.358
ibarra_zarate,wpli_theta_F3_P7,0.6285
ibarra_zarate,wpli_alpha_F3_P7,0.3875
ibarra_zarate,wpli_beta_F3_P7,0.5275
ibarra_zarate,wpli_gamma_F3_P7,0.6385
ibarra_zarate,wpli_delta_F4_P7,0.364
ibarra_zarate,wpli_theta_F4_P7,0.735
ibarra_zarate,wpli_alpha_F4_P7,0.3495
ibarra_zarate,wpli_beta_F4_P7,0.358
ibarra_zarate,wpli_gamma_F4_P7,0.7355
ibarra_zarate,wpli_delta_F7_P7,0.4215
ibarra_zarate,wpli_theta_F7_P7,0.347
ibarra_zarate,wpli_alpha_F7_P7,0.403
ibarra_zarate,wpli_beta_F7_P7,0.4085
ibarra_zarate,wpli_gamma_F7_P7,0.4505
ibarra_zarate,wpli_delta_F8_P7,0.3755
ibarra_zarate,wpli_theta_F8_P7,0.6005
ibarra_zarate,wpli_alpha_F8_P7,0.5135
ibarra_zarate,wpli_beta_F8_P7,0.561
ibarra_zarate,wpli_gamma_F8_P7,0.681
ibarra_zarate,wpli_delta_Fp1_P7,0.8735
ibarra_zarate,wpli_theta_Fp1_P7,0.728
ibarra_zarate,wpli_alpha_Fp1_P7,0.307
ibarra_zarate,wpli_beta_Fp1_P7,0.3615
ibarra_zarate,wpli_gamma_Fp1_P7,0.8495
ibarra_zarate,wpli_delta_Fp2_P7,0.7265
ibarra_zarate,wpli_theta_Fp2_P7,0.7615
ibarra_zarate,wpli_alpha_Fp2_P7,0.269
ibarra_zarate,wpli_beta_Fp2_P7,0.277
ibarra_zarate,wpli_gamma_Fp2_P7,0.598
ibarra_zarate,wpli_delta_Fz_P7,0.3955
ibarra_zarate,wpli_theta_Fz_P7,0.4945
ibarra_zarate,wpli_alpha_Fz_P7,0.295
ibarra_zarate,wpli_beta_Fz_P7,0.4945
ibarra_zarate,wpli_gamma_Fz_P7,0.777
ibarra_zarate,wpli_delta_C3_P8,0.5475
ibarra_zarate,wpli_theta_C3_P8,0.3715
ibarra_zarate,wpli_alpha_C3_P8,0.6905
ibarra_zarate,wpli_beta_C3_P8,0.4695
ibarra_zarate,wpli_gamma_C3_P8,0.3305
ibarra_zarate,wpli_delta_C4_P8,0.798
ibarra_zarate,wpli_theta_C4_P8,0.6105
ibarra_zarate,wpli_alpha_C4_P8,0.305
ibarra_zarate,wpli_beta_C4_P8,0.802
ibarra_zarate,wpli_gamma_C4_P8,0.535
ibarra_zarate,wpli_delta_F3_P8,0.3185
ibarra_zarate,wpli_theta_F3_P8,0.2295
ibarra_zarate,wpli_alpha_F3_P8,0.606
ibarra_zarate,wpli_beta_F3_P8,0.845
ibarra_zarate,wpli_gamma_F3_P8,0.4615
ibarra_zarate,wpli_delta_F4_P8,0.61
ibarra_zarate,wpli_theta_F4_P8,0.367
ibarra_zarate,wpli_alpha_F4_P8,0.416
ibarra_zarate,wpli_beta_F4_P8,0.8905
ibarra_zarate,wpli_gamma_F4_P8,0.586
ibarra_zarate,wpli_delta_F7_P8,0.72
ibarra_zarate,wpli_theta_F7_P8,0.276
ibarra_zarate,wpli_alpha_F7_P8,0.367
ibarra_zarate,wpli_beta_F7_P8,0.661
ibarra_zarate,wpli_gamma_F7_P8,0.4005
ibarra_zarate,wpli_delta_F8_P8,0.343
ibarra_zarate,wpli_theta_F8_P8,0.376
ibarra_zarate,wpli_alpha_F8_P8,0.464
ibarra_zarate,wpli_beta_F8_P8,0.338
ibarra_zarate,wpli_gamma_F8_P8,0.671
ibarra_zarate,wpli_delta_Fp1_P8,0.5225
ibarra_zarate,wpli_theta_Fp1_P8,0.2825
ibarra_zarate,wpli_alpha_Fp1_P8,0.321
ibarra_zarate,wpli_beta_Fp1_P8,0.6565
ibarra_zarate,wpli_gamma_Fp1_P8,0.5235
ibarra_zarate,wpli_delta_Fp2_P8,0.6715
ibarra_zarate,wpli_theta_Fp2_P8,0.4035
ibarra_zarate,wpli_alpha_Fp2_P8,0.298
ibarra_zarate,wpli_beta_Fp2_P8,0.7065
ibarra_zarate,wpli_gamma_Fp2_P8,0.311
ibarra_zarate,wpli_delta_Fz_P8,0.3575
ibarra_zarate,wpli_theta_Fz_P8,0.4715
ibarra_zarate,wpli_alpha_Fz_P8,0.484
ibarra_zarate,wpli_beta_Fz_P8,0.632
ibarra_zarate,wpli_gamma_Fz_P8,0.583
ibarra_zarate,wpli_delta_P7_P8,0.6395
ibarra_zarate,wpli_theta_P7_P8,0.8335
ibarra_zarate,wpli_alpha_P7_P8,0.5005
ibarra_zarate,wpli_beta_P7_P8,0.446
ibarra_zarate,wpli_gamma_P7_P8,0.789
ibarra_zarate,wpli_delta_C3_T7,0.4305
ibarra_zarate,wpli_theta_C3_T7,0.2575
ibarra_zarate,wpli_alpha_C3_T7,0.578
ibarra_zarate,wpli_beta_C3_T7,0.42
ibarra_zarate,wpli_gamma_C3_T7,0.5785
ibarra_zarate,wpli_delta_C4_T7,0.758
ibarra_zarate,wpli_theta_C4_T7,0.4645
ibarra_zarate,wpli_alpha_C4_T7,0.7735
ibarra_zarate,wpli_beta_C4_T7,0.343
ibarra_zarate,wpli_gamma_C4_T7,0.189
ibarra_zarate,wpli_delta_F3_T7,0.2435
ibarra_zarate,wpli_theta_F3_T7,0.4055
ibarra_zarate,wpli_alpha_F3_T7,0.259
ibarra_zarate,wpli_beta_F3_T7,0.824
ibarra_zarate,wpli_gamma_F3_T7,0.2525
ibarra_zarate,wpli_delta_F4_T7,0.215
ibarra_zarate,wpli_theta_F4_T7,0.282
ibarra_zarate,wpli_alpha_F4_T7,0.5425
ibarra_zarate,wpli_beta_F4_T7,0.44
ibarra_zarate,wpli_gamma_F4_T7,0.373
ibarra_zarate,wpli_delta_F7_T7,0.431
ibarra_zarate,wpli_theta_F7_T7,0.442
ibarra_zarate,wpli_alpha_F7_T7,0.6995
ibarra_zarate,wpli_beta_F7_T7,0.2805
ibarra_zarate,wpli_gamma_F7_T7,0.24
ibarra_zarate,wpli_delta_F8_T7,0.2305
ibarra_zarate,wpli_theta_F8_T7,0.5545
ibarra_zarate,wpli_alpha_F8_T7,0.81
ibarra_zarate,wpli_beta_F8_T7,0.38
ibarra_zarate,wpli_gamma_F8_T7,0.308
ibarra_zarate,wpli_delta_Fp1_T7,0.5165
ibarra_zarate,wpli_theta_Fp1_T7,0.3645
ibarra_zarate,wpli_alpha_Fp1_T7,0.2075
ibarra_zarate,wpli_beta_Fp1_T7,0.475
ibarra_zarate,wpli_gamma_Fp1_T7,0.508
ibarra_zarate,wpli_delta_Fp2_T7,0.513
ibarra_zarate,wpli_theta_Fp2_T7,0.5085
ibarra_zarate,wpli_alpha_Fp2_T7,0.315
ibarra_zarate,wpli_beta_Fp2_T7,0.289
ibarra_zarate,wpli_gamma_Fp2_T7,0.531
ibarra_zarate,wpli_delta_Fz_T7,0.3345
ibarra_zarate,wpli_theta_Fz_T7,0.382
ibarra_zarate,wpli_alpha_Fz_T7,0.4315
ibarra_zarate,wpli_beta_Fz_T7,0.5705
ibarra_zarate,wpli_gamma_Fz_T7,0.524
ibarra_zarate,wpli_delta_P7_T7,0.291
ibarra_zarate,wpli_theta_P7_T7,0.4735
ibarra_zarate,wpli_alpha_P7_T7,0.433
ibarra_zarate,wpli_beta_P7_T7,0.605
ibarra_zarate,wpli_gamma_P7_T7,0.483
ibarra_zarate,wpli_delta_P8_T7,0.3125
ibarra_zarate,wpli_theta_P8_T7,0.2895
ibarra_zarate,wpli_alpha_P8_T7,0.3565
ibarra_zarate,wpli_beta_P8_T7,0.765
ibarra_zarate,wpli_gamma_P8_T7,0.523
ibarra_zarate,wpli_delta_C3_T8,0.833
ibarra_zarate,wpli_theta_C3_T8,0.867
ibarra_zarate,wpli_alpha_C3_T8,0.4645
ibarra_zarate,wpli_beta_C3_T8,0.8035
ibarra_zarate,wpli_gamma_C3_T8,0.3115
ibarra_zarate,wpli_delta_C4_T8,0.994
ibarra_zarate,wpli_theta_C4_T8,0.7
ibarra_zarate,wpli_alpha_C4_T8,0.4365
ibarra_zarate,wpli_beta_C4_T8,0.4545
ibarra_zarate,wpli_gamma_C4_T8,0.338
ibarra_zarate,wpli_delta_F3_T8,0.67
ibarra_zarate,wpli_theta_F3_T8,0.2685
ibarra_zarate,wpli_alpha_F3_T8,0.377
ibarra_zarate,wpli_beta_F3_T8,0.5145
ibarra_zarate,wpli_gamma_F3_T8,0.5295
ibarra_zarate,wpli_delta_F4_T8,0.71
ibarra_zarate,wpli_theta_F4_T8,0.416
ibarra_zarate,wpli_alpha_F4_T8,0.5005
ibarra_zarate,wpli_beta_F4_T8,0.3605
ibarra_zarate,wpli_gamma_F4_T8,0.267
ibarra_zarate,wpli_delta_F7_T8,0.8605
ibarra_zarate,wpli_theta_F7_T8,0.4
ibarra_zarate,wpli_alpha_F7_T8,0.317
ibarra_zarate,wpli_beta_F7_T8,0.5315
ibarra_zarate,wpli_gamma_F7_T8,0.5105
ibarra_zarate,wpli_delta_F8_T8,0.306
ibarra_zarate,wpli_theta_F8_T8,0.4
ibarra_zarate,wpli_alpha_F8_T8,0.5265
ibarra_zarate,wpli_beta_F8_T8,0.7015
ibarra_zarate,wpli_gamma_F8_T8,0.9285
ibarra_zarate,wpli_delta_Fp1_T8,0.3495
ibarra_zarate,wpli_theta_Fp1_T8,0.2075
ibarra_zarate,wpli_alpha_Fp1_T8,0.388
ibarra_zarate,wpli_beta_Fp1_T8,0.4485
ibarra_zarate,wpli_gamma_Fp1_T8,0.797
ibarra_zarate,wpli_delta_Fp2_T8,0.532
ibarra_zarate,wpli_theta_Fp2_T8,0.3635
ibarra_zarate,wpli_alpha_Fp2_T8,0.754
ibarra_zarate,wpli_beta_Fp2_T8,0.4835
ibarra_zarate,wpli_gamma_Fp2_T8,0.5375
ibarra_zarate,wpli_delta_Fz_T8,0.316
ibarra_zarate,wpli_theta_Fz_T8,0.6155
ibarra_zarate,wpli_alpha_Fz_T8,0.826
ibarra_zarate,wpli_beta_Fz_T8,0.4575
ibarra_zarate,wpli_gamma_Fz_T8,0.33
ibarra_zarate,wpli_delta_P7_T8,0.768
ibarra_zarate,wpli_theta_P7_T8,0.814
ibarra_zarate,wpli_alpha_P7_T8,0.534
ibarra_zarate,wpli_beta_P7_T8,0.316
ibarra_zarate,wpli_gamma_P7_T8,0.822
ibarra_zarate,wpli_delta_P8_T8,0.6685
ibarra_zarate,wpli_theta_P8_T8,0.447
ibarra_zarate,wpli_alpha_P8_T8,0.3025
ibarra_zarate,wpli_beta_P8_T8,0.722
ibarra_zarate,wpli_gamma_P8_T8,0.6345
ibarra_zarate,wpli_delta_T7_T8,0.3665
ibarra_zarate,wpli_theta_T7_T8,0.459
ibarra_zarate,wpli_alpha_T7_T8,0.31
ibarra_zarate,wpli_beta_T7_T8,0.635
ibarra_zarate,wpli_gamma_T7_T8,0.417
ibarra_zarate,plzc_C3,0.367
ibarra_zarate,plzc_C4,0.2715
ibarra_zarate,plzc_F3,0.252
ibarra_zarate,plzc_F4,0.2985
ibarra_zarate,plzc_F7,0.2785
ibarra_zarate,plzc_F8,0.2725
ibarra_zarate,plzc_Fp1,0.28
ibarra_zarate,plzc_Fp2,0.345
ibarra_zarate,plzc_Fz,0.3035
ibarra_zarate,plzc_P7,0.4245
ibarra_zarate,plzc_P8,0.5155
ibarra_zarate,plzc_T7,0.3955
ibarra_zarate,plzc_T8,0.2455
raeisi,power_delta_C3,0.8625
raeisi,power_theta_C3,0.999
raeisi,power_alpha_C3,0.968
raeisi,power_beta_C3,0.9715
raeisi,power_gamma_C3,0.9925
raeisi,power_delta_C4,0.7905
raeisi,power_theta_C4,0.9935
raeisi,power_alpha_C4,0.996
raeisi,power_beta_C4,0.937
raeisi,power_gamma_C4,0.877
raeisi,power_delta_F3,0.6095
raeisi,power_theta_F3,0.982
raeisi,power_alpha_F3,0.9945
raeisi,power_beta_F3,0.9345
raeisi,power_gamma_F3,0.9725
raeisi,power_delta_F4,0.6535
raeisi,power_theta_F4,0.999
raeisi,power_alpha_F4,0.987
raeisi,power_beta_F4,0.9915
raeisi,power_gamma_F4,0.837
raeisi,power_delta_F7,0.715
raeisi,power_theta_F7,0.9975
raeisi,power_alpha_F7,0.653
raeisi,power_beta_F7,0.8805
raeisi,power_gamma_F7,0.882
raeisi,power_delta_F8,0.6175
raeisi,power_theta_F8,1.0
raeisi,power_alpha_F8,0.9345
raeisi,power_beta_F8,0.707
raeisi,power_gamma_F8,0.9495
raeisi,power_delta_Fp1,0.8185
raeisi,power_theta_Fp1,1.0
raeisi,power_alpha_Fp1,0.9275
raeisi,power_beta_Fp1,0.8935
raeisi,power_gamma_Fp1,0.996
raeisi,power_delta_Fp2,0.8665
raeisi,power_theta_Fp2,1.0
raeisi,power_alpha_Fp2,0.906
raeisi,power_beta_Fp2,0.9225
raeisi,power_gamma_Fp2,0.999
raeisi,power_delta_Fz,0.9335
raeisi,power_theta_Fz,1.0
raeisi,power_alpha_Fz,0.688
raeisi,power_beta_Fz,0.729
raeisi,power_gamma_Fz,0.852
raeisi,power_delta_P7,0.6305
raeisi,power_theta_P7,1.0
raeisi,power_alpha_P7,0.999
raeisi,power_beta_P7,0.993
raeisi,power_gamma_P7,0.93
raeisi,power_delta_P8,0.8725
raeisi,power_theta_P8,0.9755
raeisi,power_alpha_P8,0.931
raeisi,power_beta_P8,0.753
raeisi,power_gamma_P8,0.976
raeisi,power_delta_T7,0.8455
raeisi,power_theta_T7,1.0
raeisi,power_alpha_T7,1.0
raeisi,power_beta_T7,0.694
raeisi,power_gamma_T7,0.9275
raeisi,power_delta_T8,0.8995
raeisi,power_theta_T8,0.8075
raeisi,power_alpha_T8,0.973
raeisi,power_beta_T8,0.8645
raeisi,power_gamma_T8,0.835
raeisi,wpli_delta_C3_C4,0.959
raeisi,wpli_theta_C3_C4,0.853
raeisi,wpli_alpha_C3_C4,0.998
raeisi,wpli_beta_C3_C4,0.7855
raeisi,wpli_gamma_C3_C4,0.839
raeisi,wpli_delta_C3_F3,0.638
raeisi,wpli_theta_C3_F3,0.768
raeisi,wpli_alpha_C3_F3,0.9995
raeisi,wpli_beta_C3_F3,0.741
raeisi,wpli_gamma_C3_F3,0.7615
raeisi,wpli_delta_C4_F3,0.819
raeisi,wpli_theta_C4_F3,0.706
raeisi,wpli_alpha_C4_F3,1.0
raeisi,wpli_beta_C4_F3,0.7445
raeisi,wpli_gamma_C4_F3,0.8155
raeisi,wpli_delta_C3_F4,0.773
raeisi,wpli_theta_C3_F4,0.7805
raeisi,wpli_alpha_C3_F4,0.8875
raeisi,wpli_beta_C3_F4,0.824
raeisi,wpli_gamma_C3_F4,0.781
raeisi,wpli_delta_C4_F4,0.624
raeisi,wpli_theta_C4_F4,0.989
raeisi,wpli_alpha_C4_F4,1.0
raeisi,wpli_beta_C4_F4,0.8775
raeisi,wpli_gamma_C4_F4,0.759
raeisi,wpli_delta_F3_F4,0.791
raeisi,wpli_theta_F3_F4,0.9875
raeisi,wpli_alpha_F3_F4,0.999
raeisi,wpli_beta_F3_F4,0.9765
raeisi,wpli_gamma_F3_F4,0.7
raeisi,wpli_delta_C3_F7,0.86
raeisi,wpli_theta_C3_F7,0.831
raeisi,wpli_alpha_C3_F7,0.9735
raeisi,wpli_beta_C3_F7,0.9955
raeisi,wpli_gamma_C3_F7,0.786
raeisi,wpli_delta_C4_F7,0.7915
raeisi,wpli_theta_C4_F7,0.794
raeisi,wpli_alpha_C4_F7,0.927
raeisi,wpli_beta_C4_F7,0.688
raeisi,wpli_gamma_C4_F7,0.7995
raeisi,wpli_delta_F3_F7,0.9605
raeisi,wpli_theta_F3_F7,0.879
raeisi,wpli_alpha_F3_F7,0.997
raeisi,wpli_beta_F3_F7,0.8065
raeisi,wpli_gamma_F3_F7,0.876
raeisi,wpli_delta_F4_F7,0.8655
raeisi,wpli_theta_F4_F7,0.7275
raeisi,wpli_alpha_F4_F7,0.971
raeisi,wpli_beta_F4_F7,0.7755
raeisi,wpli_gamma_F4_F7,0.87
raeisi,wpli_delta_C3_F8,0.871
raeisi,wpli_theta_C3_F8,0.83
raeisi,wpli_alpha_C3_F8,0.956
raeisi,wpli_beta_C3_F8,0.827
raeisi,wpli_gamma_C3_F8,0.7185
raeisi,wpli_delta_C4_F8,0.703
raeisi,wpli_theta_C4_F8,0.999
raeisi,wpli_alpha_C4_F8,0.9935
raeisi,wpli_beta_C4_F8,0.951
raeisi,wpli_gamma_C4_F8,0.846
raeisi,wpli_delta_F3_F8,0.9175
raeisi,wpli_theta_F3_F8,0.924
raeisi,wpli_alpha_F3_F8,0.9855
raeisi,wpli_beta_F3_F8,0.836
raeisi,wpli_gamma_F3_F8,0.8795
raeisi,wpli_delta_F4_F8,0.742
raeisi,wpli_theta_F4_F8,1.0
raeisi,wpli_alpha_F4_F8,0.786
raeisi,wpli_beta_F4_F8,0.884
raeisi,wpli_gamma_F4_F8,0.854
raeisi,wpli_delta_F7_F8,0.7355
raeisi,wpli_theta_F7_F8,0.9695
raeisi,wpli_alpha_F7_F8,0.9835
raeisi,wpli_beta_F7_F8,0.901
raeisi,wpli_gamma_F7_F8,0.845
raeisi,wpli_delta_C3_Fp1,0.8145
raeisi,wpli_theta_C3_Fp1,0.76
raeisi,wpli_alpha_C3_Fp1,0.974
raeisi,wpli_beta_C3_Fp1,0.8405
raeisi,wpli_gamma_C3_Fp1,0.754
raeisi,wpli_delta_C4_Fp1,0.935
raeisi,wpli_theta_C4_Fp1,0.767
raeisi,wpli_alpha_C4_Fp1,0.7365
raeisi,wpli_beta_C4_Fp1,0.831
raeisi,wpli_gamma_C4_Fp1,0.7505
raeisi,wpli_delta_F3_Fp1,0.9195
raeisi,wpli_theta_F3_Fp1,0.842
raeisi,wpli_alpha_F3_Fp1,0.9735
raeisi,wpli_beta_F3_Fp1,0.71
raeisi,wpli_gamma_F3_Fp1,0.7275
raeisi,wpli_delta_F4_Fp1,0.816
raeisi,wpli_theta_F4_Fp1,0.7625
raeisi,wpli_alpha_F4_Fp1,0.9955
raeisi,wpli_beta_F4_Fp1,0.8665
raeisi,wpli_gamma_F4_Fp1,0.749
raeisi,wpli_delta_F7_Fp1,0.7695
raeisi,wpli_theta_F7_Fp1,0.7525
raeisi,wpli_alpha_F7_Fp1,0.7895
raeisi,wpli_beta_F7_Fp1,0.9415
raeisi,wpli_gamma_F7_Fp1,0.9145
raeisi,wpli_delta_F8_Fp1,0.8325
raeisi,wpli_theta_F8_Fp1,0.9365
raeisi,wpli_alpha_F8_Fp1,0.989
raeisi,wpli_beta_F8_Fp1,0.925
raeisi,wpli_gamma_F8_Fp1,0.6895
raeisi,wpli_delta_C3_Fp2,0.909
raeisi,wpli_theta_C3_Fp2,0.9315
raeisi,wpli_alpha_C3_Fp2,0.7625
raeisi,wpli_beta_C3_Fp2,0.9725
raeisi,wpli_gamma_C3_Fp2,0.9055
raeisi,wpli_delta_C4_Fp2,0.668
raeisi,wpli_theta_C4_Fp2,0.723
raeisi,wpli_alpha_C4_Fp2,0.988
raeisi,wpli_beta_C4_Fp2,0.806
raeisi,wpli_gamma_C4_Fp2,0.9595
raeisi,wpli_delta_F3_Fp2,0.6755
raeisi,wpli_theta_F3_Fp2,0.605
raeisi,wpli_alpha_F3_Fp2,0.999
raeisi,wpli_beta_F3_Fp2,0.759
raeisi,wpli_gamma_F3_Fp2,0.935
raeisi,wpli_delta_F4_Fp2,0.6975
raeisi,wpli_theta_F4_Fp2,0.854
raeisi,wpli_alpha_F4_Fp2,0.9515
raeisi,wpli_beta_F4_Fp2,0.7945
raeisi,wpli_gamma_F4_Fp2,0.882
raeisi,wpli_delta_F7_Fp2,0.9975
raeisi,wpli_theta_F7_Fp2,0.8525
raeisi,wpli_alpha_F7_Fp2,0.8115
raeisi,wpli_beta_F7_Fp2,0.9955
raeisi,wpli_gamma_F7_Fp2,0.803
raeisi,wpli_delta_F8_Fp2,0.8475
raeisi,wpli_theta_F8_Fp2,0.884
raeisi,wpli_alpha_F8_Fp2,0.956
raeisi,wpli_beta_F8_Fp2,0.7395
raeisi,wpli_gamma_F8_Fp2,0.8425
raeisi,wpli_delta_Fp1_Fp2,0.791
raeisi,wpli_theta_Fp1_Fp2,0.818
raeisi,wpli_alpha_Fp1_Fp2,0.9545
raeisi,wpli_beta_Fp1_Fp2,0.7905
raeisi,wpli_gamma_Fp1_Fp2,0.7915
raeisi,wpli_delta_C3_Fz,0.998
raeisi,wpli_theta_C3_Fz,0.9695
raeisi,wpli_alpha_C3_Fz,0.978
raeisi,wpli_beta_C3_Fz,0.838
raeisi,wpli_gamma_C3_Fz,0.891
raeisi,wpli_delta_C4_Fz,0.9415
raeisi,wpli_theta_C4_Fz,0.802
raeisi,wpli_alpha_C4_Fz,0.9385
raeisi,wpli_beta_C4_Fz,0.814
raeisi,wpli_gamma_C4_Fz,0.837
raeisi,wpli_delta_F3_Fz,0.777
raeisi,wpli_theta_F3_Fz,0.8455
raeisi,wpli_alpha_F3_Fz,0.7955
raeisi,wpli_beta_F3_Fz,0.8855
raeisi,wpli_gamma_F3_Fz,0.871
raeisi,wpli_delta_F4_Fz,0.775
raeisi,wpli_theta_F4_Fz,0.9145
raeisi,wpli_alpha_F4_Fz,0.8925
raeisi,wpli_beta_F4_Fz,0.8375
raeisi,wpli_gamma_F4_Fz,0.853
raeisi,wpli_delta_F7_Fz,0.802
raeisi,wpli_theta_F7_Fz,0.9295
raeisi,wpli_alpha_F7_Fz,0.9855
raeisi,wpli_beta_F7_Fz,0.943
raeisi,wpli_gamma_F7_Fz,0.8045
raeisi,wpli_delta_F8_Fz,0.8915
raeisi,wpli_theta_F8_Fz,0.663
raeisi,wpli_alpha_F8_Fz,0.9835
raeisi,wpli_beta_F8_Fz,0.84
raeisi,wpli_gamma_F8_Fz,0.807
raeisi,wpli_delta_Fp1_Fz,0.9135
raeisi,wpli_theta_Fp1_Fz,0.9385
raeisi,wpli_alpha_Fp1_Fz,0.9235
raeisi,wpli_beta_Fp1_Fz,0.884
raeisi,wpli_gamma_Fp1_Fz,0.835
raeisi,wpli_delta_Fp2_Fz,0.9735
raeisi,wpli_theta_Fp2_Fz,0.7365
raeisi,wpli_alpha_Fp2_Fz,0.9735
raeisi,wpli_beta_Fp2_Fz,0.7705
raeisi,wpli_gamma_Fp2_Fz,0.9275
raeisi,wpli_delta_C3_P7,0.7895
raeisi,wpli_theta_C3_P7,0.889
raeisi,wpli_alpha_C3_P7,0.7995
raeisi,wpli_beta_C3_P7,0.872
raeisi,wpli_gamma_C3_P7,0.7055
raeisi,wpli_delta_C4_P7,0.652
raeisi,wpli_theta_C4_P7,0.9945
raeisi,wpli_alpha_C4_P7,0.825
raeisi,wpli_beta_C4_P7,0.9095
raeisi,wpli_gamma_C4_P7,0.7805
raeisi,wpli_delta_F3_P7,0.963
raeisi,wpli_theta_F3_P7,0.9605
raeisi,wpli_alpha_F3_P7,0.8615
raeisi,wpli_beta_F3_P7,0.996
raeisi,wpli_gamma_F3_P7,0.8445
raeisi,wpli_delta_F4_P7,0.981
raeisi,wpli_theta_F4_P7,1.0
raeisi,wpli_alpha_F4_P7,0.6745
raeisi,wpli_beta_F4_P7,1.0
raeisi,wpli_gamma_F4_P7,0.836
raeisi,wpli_delta_F7_P7,0.726
raeisi,wpli_theta_F7_P7,0.8035
raeisi,wpli_alpha_F7_P7,0.8955
raeisi,wpli_beta_F7_P7,0.843
raeisi,wpli_gamma_F7_P7,0.8705
raeisi,wpli_delta_F8_P7,0.7815
raeisi,wpli_theta_F8_P7,1.0
raeisi,wpli_alpha_F8_P7,0.888
raeisi,wpli_beta_F8_P7,0.8205
raeisi,wpli_gamma_F8_P7,0.901
raeisi,wpli_delta_Fp1_P7,0.7625
raeisi,wpli_theta_Fp1_P7,0.8505
raeisi,wpli_alpha_Fp1_P7,0.87
raeisi,wpli_beta_Fp1_P7,0.9585
raeisi,wpli_gamma_Fp1_P7,0.7435
raeisi,wpli_delta_Fp2_P7,0.822
raeisi,wpli_theta_Fp2_P7,0.698
raeisi,wpli_alpha_Fp2_P7,0.827
raeisi,wpli_beta_Fp2_P7,0.918
raeisi,wpli_gamma_Fp2_P7,0.6945
raeisi,wpli_delta_Fz_P7,0.8865
raeisi,wpli_theta_Fz_P7,0.995
raeisi,wpli_alpha_Fz_P7,0.725
raeisi,wpli_beta_Fz_P7,0.8675
raeisi,wpli_gamma_Fz_P7,0.9385
raeisi,wpli_delta_C3_P8,0.8545
raeisi,wpli_theta_C3_P8,0.929
raeisi,wpli_alpha_C3_P8,0.752
raeisi,wpli_beta_C3_P8,0.9575
raeisi,wpli_gamma_C3_P8,0.8075
raeisi,wpli_delta_C4_P8,0.874
raeisi,wpli_theta_C4_P8,0.975
raeisi,wpli_alpha_C4_P8,0.784
raeisi,wpli_beta_C4_P8,0.852
raeisi,wpli_gamma_C4_P8,0.9095
raeisi,wpli_delta_F3_P8,0.6655
raeisi,wpli_theta_F3_P8,0.9495
raeisi,wpli_alpha_F3_P8,0.8725
raeisi,wpli_beta_F3_P8,0.905
raeisi,wpli_gamma_F3_P8,0.78
raeisi,wpli_delta_F4_P8,0.956
raeisi,wpli_theta_F4_P8,0.9985
raeisi,wpli_alpha_F4_P8,0.8475
raeisi,wpli_beta_F4_P8,0.964
raeisi,wpli_gamma_F4_P8,0.8255
raeisi,wpli_delta_F7_P8,0.7685
raeisi,wpli_theta_F7_P8,0.72
raeisi,wpli_alpha_F7_P8,0.724
raeisi,wpli_beta_F7_P8,0.9745
raeisi,wpli_gamma_F7_P8,0.632
raeisi,wpli_delta_F8_P8,0.871
raeisi,wpli_theta_F8_P8,0.9825
raeisi,wpli_alpha_F8_P8,0.95
raeisi,wpli_beta_F8_P8,0.574
raeisi,wpli_gamma_F8_P8,0.7765
raeisi,wpli_delta_Fp1_P8,0.982
raeisi,wpli_theta_Fp1_P8,0.836
raeisi,wpli_alpha_Fp1_P8,0.783
raeisi,wpli_beta_Fp1_P8,0.997
raeisi,wpli_gamma_Fp1_P8,0.8405
raeisi,wpli_delta_Fp2_P8,0.839
raeisi,wpli_theta_Fp2_P8,0.9025
raeisi,wpli_alpha_Fp2_P8,0.863
raeisi,wpli_beta_Fp2_P8,0.987
raeisi,wpli_gamma_Fp2_P8,0.872
raeisi,wpli_delta_Fz_P8,0.871
raeisi,wpli_theta_Fz_P8,0.9375
raeisi,wpli_alpha_Fz_P8,0.733
raeisi,wpli_beta_Fz_P8,0.7885
raeisi,wpli_gamma_Fz_P8,0.853
raeisi,wpli_delta_P7_P8,0.7525
raeisi,wpli_theta_P7_P8,0.9995
raeisi,wpli_alpha_P7_P8,0.779
raeisi,wpli_beta_P7_P8,0.927
raeisi,wpli_gamma_P7_P8,0.869
raeisi,wpli_delta_C3_T7,0.8105
raeisi,wpli_theta_C3_T7,0.8195
raeisi,wpli_alpha_C3_T7,0.9825
raeisi,wpli_beta_C3_T7,0.998
raeisi,wpli_gamma_C3_T7,0.952
raeisi,wpli_delta_C4_T7,0.864
raeisi,wpli_theta_C4_T7,0.9755
raeisi,wpli_alpha_C4_T7,0.9695
raeisi,wpli_beta_C4_T7,0.9995
raeisi,wpli_gamma_C4_T7,0.872
raeisi,wpli_delta_F3_T7,0.841
raeisi,wpli_theta_F3_T7,0.868
raeisi,wpli_alpha_F3_T7,0.993
raeisi,wpli_beta_F3_T7,1.0
raeisi,wpli_gamma_F3_T7,0.847
raeisi,wpli_delta_F4_T7,0.803
raeisi,wpli_theta_F4_T7,0.9905
raeisi,wpli_alpha_F4_T7,0.974
raeisi,wpli_beta_F4_T7,0.999
raeisi,wpli_gamma_F4_T7,0.8045
raeisi,wpli_delta_F7_T7,0.882
raeisi,wpli_theta_F7_T7,0.759
raeisi,wpli_alpha_F7_T7,0.9825
raeisi,wpli_beta_F7_T7,0.996
raeisi,wpli_gamma_F7_T7,0.812
raeisi,wpli_delta_F8_T7,0.883
raeisi,wpli_theta_F8_T7,0.997
raeisi,wpli_alpha_F8_T7,0.945
raeisi,wpli_beta_F8_T7,0.993
raeisi,wpli_gamma_F8_T7,0.77
raeisi,wpli_delta_Fp1_T7,0.783
raeisi,wpli_theta_Fp1_T7,0.7675
raeisi,wpli_alpha_Fp1_T7,0.9845
raeisi,wpli_beta_Fp1_T7,1.0
raeisi,wpli_gamma_Fp1_T7,0.8725
raeisi,wpli_delta_Fp2_T7,0.7865
raeisi,wpli_theta_Fp2_T7,0.8765
raeisi,wpli_alpha_Fp2_T7,0.9495
raeisi,wpli_beta_Fp2_T7,0.9985
raeisi,wpli_gamma_Fp2_T7,0.845
raeisi,wpli_delta_Fz_T7,0.7535
raeisi,wpli_theta_Fz_T7,0.819
raeisi,wpli_alpha_Fz_T7,0.9855
raeisi,wpli_beta_Fz_T7,0.99
raeisi,wpli_gamma_Fz_T7,0.794
raeisi,wpli_delta_P7_T7,0.728
raeisi,wpli_theta_P7_T7,0.997
raeisi,wpli_alpha_P7_T7,0.944
raeisi,wpli_beta_P7_T7,0.8675
raeisi,wpli_gamma_P7_T7,0.8835
raeisi,wpli_delta_P8_T7,0.742
raeisi,wpli_theta_P8_T7,0.8445
raeisi,wpli_alpha_P8_T7,0.6625
raeisi,wpli_beta_P8_T7,0.9925
raeisi,wpli_gamma_P8_T7,0.8175
raeisi,wpli_delta_C3_T8,0.711
raeisi,wpli_theta_C3_T8,0.8205
raeisi,wpli_alpha_C3_T8,0.825
raeisi,wpli_beta_C3_T8,0.845
raeisi,wpli_gamma_C3_T8,0.9
raeisi,wpli_delta_C4_T8,0.718
raeisi,wpli_theta_C4_T8,0.845
raeisi,wpli_alpha_C4_T8,0.9235
raeisi,wpli_beta_C4_T8,0.925
raeisi,wpli_gamma_C4_T8,0.9245
raeisi,wpli_delta_F3_T8,0.795
raeisi,wpli_theta_F3_T8,0.687
raeisi,wpli_alpha_F3_T8,0.971
raeisi,wpli_beta_F3_T8,0.818
raeisi,wpli_gamma_F3_T8,0.6475
raeisi,wpli_delta_F4_T8,0.8535
raeisi,wpli_theta_F4_T8,0.9055
raeisi,wpli_alpha_F4_T8,0.843
raeisi,wpli_beta_F4_T8,0.652
raeisi,wpli_gamma_F4_T8,0.9455
raeisi,wpli_delta_F7_T8,0.865
raeisi,wpli_theta_F7_T8,0.701
raeisi,wpli_alpha_F7_T8,0.9335
raeisi,wpli_beta_F7_T8,0.89
raeisi,wpli_gamma_F7_T8,0.762
raeisi,wpli_delta_F8_T8,0.804
raeisi,wpli_theta_F8_T8,0.933
raeisi,wpli_alpha_F8_T8,0.824
raeisi,wpli_beta_F8_T8,1.0
raeisi,wpli_gamma_F8_T8,0.841
raeisi,wpli_delta_Fp1_T8,0.8805
raeisi,wpli_theta_Fp1_T8,0.7825
raeisi,wpli_alpha_Fp1_T8,0.9725
raeisi,wpli_beta_Fp1_T8,0.925
raeisi,wpli_gamma_Fp1_T8,0.807
raeisi,wpli_delta_Fp2_T8,0.7185
raeisi,wpli_theta_Fp2_T8,0.7295
raeisi,wpli_alpha_Fp2_T8,0.8455
raeisi,wpli_beta_Fp2_T8,0.734
raeisi,wpli_gamma_Fp2_T8,0.853
raeisi,wpli_delta_Fz_T8,0.9075
raeisi,wpli_theta_Fz_T8,0.682
raeisi,wpli_alpha_Fz_T8,0.8105
raeisi,wpli_beta_Fz_T8,0.8515
raeisi,wpli_gamma_Fz_T8,0.8715
raeisi,wpli_delta_P7_T8,0.876
raeisi,wpli_theta_P7_T8,0.9985
raeisi,wpli_alpha_P7_T8,0.7805
raeisi,wpli_beta_P7_T8,1.0
raeisi,wpli_gamma_P7_T8,0.8125
raeisi,wpli_delta_P8_T8,0.8145
raeisi,wpli_theta_P8_T8,0.84
raeisi,wpli_alpha_P8_T8,0.866
raeisi,wpli_beta_P8_T8,0.8945
raeisi,wpli_gamma_P8_T8,0.864
raeisi,wpli_delta_T7_T8,0.779
raeisi,wpli_theta_T7_T8,0.8755
raeisi,wpli_alpha_T7_T8,0.8595
raeisi,wpli_beta_T7_T8,1.0
raeisi,wpli_gamma_T7_T8,0.97
raeisi,plzc_C3,1.0
raeisi,plzc_C4,1.0
raeisi,plzc_F3,0.999
raeisi,plzc_F4,0.9945
raeisi,plzc_F7,0.9515
raeisi,plzc_F8,0.7015
raeisi,plzc_Fp1,1.0
raeisi,plzc_Fp2,0.981
raeisi,plzc_Fz,0.306
raeisi,plzc_P7,0.992
raeisi,plzc_P8,0.9895
raeisi,plzc_T7,0.9955
raeisi,plzc_T8,0.9425
wang,power_delta_C3,0.0295
wang,power_theta_C3,0.0325
wang,power_alpha_C3,0.05
wang,power_beta_C3,0.287
wang,power_gamma_C3,0.039
wang,power_delta_C4,0.0095
wang,power_theta_C4,0.0305
wang,power_alpha_C4,0.034
wang,power_beta_C4,0.1705
wang,power_gamma_C4,0.068
wang,power_delta_F3,0.0195
wang,power_theta_F3,0.013
wang,power_alpha_F3,0.012
wang,power_beta_F3,0.0015
wang,power_gamma_F3,0.04
wang,power_delta_F4,0.006
wang,power_theta_F4,0.0115
wang,power_alpha_F4,0.0095
wang,power_beta_F4,0.007
wang,power_gamma_F4,0.0285
wang,power_delta_F7,0.0175
wang,power_theta_F7,0.014
wang,power_alpha_F7,0.037
wang,power_beta_F7,0.024
wang,power_gamma_F7,0.022
wang,power_delta_F8,0.0865
wang,power_theta_F8,0.0395
wang,power_alpha_F8,0.028
wang,power_beta_F8,0.0695
wang,power_gamma_F8,0.081
wang,power_delta_Fp1,0.0895
wang,power_theta_Fp1,0.0155
wang,power_alpha_Fp1,0.037
wang,power_beta_Fp1,0.0705
wang,power_gamma_Fp1,0.0525
wang,power_delta_Fp2,0.0325
wang,power_theta_Fp2,0.0125
wang,power_alpha_Fp2,0.036
wang,power_beta_Fp2,0.0505
wang,power_gamma_Fp2,0.0775
wang,power_delta_Fz,0.0245
wang,power_theta_Fz,0.0175
wang,power_alpha_Fz,0.0175
wang,power_beta_Fz,0.0935
wang,power_gamma_Fz,0.196
wang,power_delta_P7,0.143
wang,power_theta_P7,0.0175
wang,power_alpha_P7,0.0285
wang,power_beta_P7,0.0225
wang,power_gamma_P7,0.1715
wang,power_delta_P8,0.0815
wang,power_theta_P8,0.0595
wang,power_alpha_P8,0.033
wang,power_beta_P8,0.0915
wang,power_gamma_P8,0.034
wang,power_delta_T7,0.0295
wang,power_theta_T7,0.038
wang,power_alpha_T7,0.0635
wang,power_beta_T7,0.0395
wang,power_gamma_T7,0.098
wang,power_delta_T8,0.0115
wang,power_theta_T8,0.017
wang,power_alpha_T8,0.044
wang,power_beta_T8,0.0135
wang,power_gamma_T8,0.0835
wang,wpli_delta_C3_C4,0.4445
wang,wpli_theta_C3_C4,0.072
wang,wpli_alpha_C3_C4,0.0335
wang,wpli_beta_C3_C4,0.05
wang,wpli_gamma_C3_C4,0.44
wang,wpli_delta_C3_F3,0.082
wang,wpli_theta_C3_F3,0.081
wang,wpli_alpha_C3_F3,0.003
wang,wpli_beta_C3_F3,0.028
wang,wpli_gamma_C3_F3,0.0625
wang,wpli_delta_C4_F3,0.015
wang,wpli_theta_C4_F3,0.033
wang,wpli_alpha_C4_F3,0.0905
wang,wpli_beta_C4_F3,0.0255
wang,wpli_gamma_C4_F3,0.6595
wang,wpli_delta_C3_F4,0.1835
wang,wpli_theta_C3_F4,0.0245
wang,wpli_alpha_C3_F4,0.1885
wang,wpli_beta_C3_F4,0.024
wang,wpli_gamma_C3_F4,0.059
wang,wpli_delta_C4_F4,0.197
wang,wpli_theta_C4_F4,0.128
wang,wpli_alpha_C4_F4,0.0085
wang,wpli_beta_C4_F4,0.0685
wang,wpli_gamma_C4_F4,0.123
wang,wpli_delta_F3_F4,0.043
wang,wpli_theta_F3_F4,0.1275
wang,wpli_alpha_F3_F4,0.037
wang,wpli_beta_F3_F4,0.049
wang,wpli_gamma_F3_F4,0.0445
wang,wpli_delta_C3_F7,0.0555
wang,wpli_theta_C3_F7,0.06
wang,wpli_alpha_C3_F7,0.0745
wang,wpli_beta_C3_F7,0.406
wang,wpli_gamma_C3_F7,0.114
wang,wpli_delta_C4_F7,0.13
wang,wpli_theta_C4_F7,0.044
wang,wpli_alpha_C4_F7,0.0315
wang,wpli_beta_C4_F7,0.0545
wang,wpli_gamma_C4_F7,0.2295
wang,wpli_delta_F3_F7,0.1835
wang,wpli_theta_F3_F7,0.047
wang,wpli_alpha_F3_F7,0.0165
wang,wpli_beta_F3_F7,0.4695
wang,wpli_gamma_F3_F7,0.177
wang,wpli_delta_F4_F7,0.016
wang,wpli_theta_F4_F7,0.0475
wang,wpli_alpha_F4_F7,0.1665
wang,wpli_beta_F4_F7,0.1495
wang,wpli_gamma_F4_F7,0.081
wang,wpli_delta_C3_F8,0.2275
wang,wpli_theta_C3_F8,0.2665
wang,wpli_alpha_C3_F8,0.105
wang,wpli_beta_C3_F8,0.032
wang,wpli_gamma_C3_F8,0.1075
wang,wpli_delta_C4_F8,0.2455
wang,wpli_theta_C4_F8,0.0565
wang,wpli_alpha_C4_F8,0.3705
wang,wpli_beta_C4_F8,0.049
wang,wpli_gamma_C4_F8,0.2215
wang,wpli_delta_F3_F8,0.827
wang,wpli_theta_F3_F8,0.0605
wang,wpli_alpha_F3_F8,0.172
wang,wpli_beta_F3_F8,0.028
wang,wpli_gamma_F3_F8,0.0615
wang,wpli_delta_F4_F8,0.0605
wang,wpli_theta_F4_F8,0.038
wang,wpli_alpha_F4_F8,0.0275
wang,wpli_beta_F4_F8,0.043
wang,wpli_gamma_F4_F8,0.057
wang,wpli_delta_F7_F8,0.4135
wang,wpli_theta_F7_F8,0.1515
wang,wpli_alpha_F7_F8,0.0645
wang,wpli_beta_F7_F8,0.073
wang,wpli_gamma_F7_F8,0.2115
wang,wpli_delta_C3_Fp1,0.0205
wang,wpli_theta_C3_Fp1,0.025
wang,wpli_alpha_C3_Fp1,0.012
wang,wpli_beta_C3_Fp1,0.1225
wang,wpli_gamma_C3_Fp1,0.1155
wang,wpli_delta_C4_Fp1,0.5555
wang,wpli_theta_C4_Fp1,0.015
wang,wpli_alpha_C4_Fp1,0.0125
wang,wpli_beta_C4_Fp1,0.279
wang,wpli_gamma_C4_Fp1,0.0685
wang,wpli_delta_F3_Fp1,0.0785
wang,wpli_theta_F3_Fp1,0.0505
wang,wpli_alpha_F3_Fp1,0.0905
wang,wpli_beta_F3_Fp1,0.074
wang,wpli_gamma_F3_Fp1,0.061
wang,wpli_delta_F4_Fp1,0.182
wang,wpli_theta_F4_Fp1,0.181
wang,wpli_alpha_F4_Fp1,0.031
wang,wpli_beta_F4_Fp1,0.079
wang,wpli_gamma_F4_Fp1,0.0325
wang,wpli_delta_F7_Fp1,0.0525
wang,wpli_theta_F7_Fp1,0.2715
wang,wpli_alpha_F7_Fp1,0.017
wang,wpli_beta_F7_Fp1,0.0995
wang,wpli_gamma_F7_Fp1,0.394
wang,wpli_delta_F8_Fp1,0.499
wang,wpli_theta_F8_Fp1,0.0765
wang,wpli_alpha_F8_Fp1,0.016
wang,wpli_beta_F8_Fp1,0.1065
wang,wpli_gamma_F8_Fp1,0.072
wang,wpli_delta_C3_Fp2,0.0855
wang,wpli_theta_C3_Fp2,0.0455
wang,wpli_alpha_C3_Fp2,0.0055
wang,wpli_beta_C3_Fp2,0.029
wang,wpli_gamma_C3_Fp2,0.0275
wang,wpli_delta_C4_Fp2,0.062
wang,wpli_theta_C4_Fp2,0.0355
wang,wpli_alpha_C4_Fp2,0.02
wang,wpli_beta_C4_Fp2,0.068
wang,wpli_gamma_C4_Fp2,0.0435
wang,wpli_delta_F3_Fp2,0.124
wang,wpli_theta_F3_Fp2,0.078
wang,wpli_alpha_F3_Fp2,0.142
wang,wpli_beta_F3_Fp2,0.096
wang,wpli_gamma_F3_Fp2,0.0285
wang,wpli_delta_F4_Fp2,0.0635
wang,wpli_theta_F4_Fp2,0.0915
wang,wpli_alpha_F4_Fp2,0.0155
wang,wpli_beta_F4_Fp2,0.053
wang,wpli_gamma_F4_Fp2,0.0495
wang,wpli_delta_F7_Fp2,0.025
wang,wpli_theta_F7_Fp2,0.036
wang,wpli_alpha_F7_Fp2,0.039
wang,wpli_beta_F7_Fp2,0.0785
wang,wpli_gamma_F7_Fp2,0.054
wang,wpli_delta_F8_Fp2,0.0565
wang,wpli_theta_F8_Fp2,0.0875
wang,wpli_alpha_F8_Fp2,0.017
wang,wpli_beta_F8_Fp2,0.0535
wang,wpli_gamma_F8_Fp2,0.0665
wang,wpli_delta_Fp1_Fp2,0.156
wang,wpli_theta_Fp1_Fp2,0.079
wang,wpli_alpha_Fp1_Fp2,0.068
wang,wpli_beta_Fp1_Fp2,0.207
wang,wpli_gamma_Fp1_Fp2,0.056
wang,wpli_delta_C3_Fz,0.04
wang,wpli_theta_C3_Fz,0.0275
wang,wpli_alpha_C3_Fz,0.0045
wang,wpli_beta_C3_Fz,0.0395
wang,wpli_gamma_C3_Fz,0.0835
wang,wpli_delta_C4_Fz,0.1255
wang,wpli_theta_C4_Fz,0.098
wang,wpli_alpha_C4_Fz,0.001
wang,wpli_beta_C4_Fz,0.0105
wang,wpli_gamma_C4_Fz,0.036
wang,wpli_delta_F3_Fz,0.071
wang,wpli_theta_F3_Fz,0.1485
wang,wpli_alpha_F3_Fz,0.0545
wang,wpli_beta_F3_Fz,0.133
wang,wpli_gamma_F3_Fz,0.0335
wang,wpli_delta_F4_Fz,0.097
wang,wpli_theta_F4_Fz,0.202
wang,wpli_alpha_F4_Fz,0.032
wang,wpli_beta_F4_Fz,0.1545
wang,wpli_gamma_F4_Fz,0.031
wang,wpli_delta_F7_Fz,0.0715
wang,wpli_theta_F7_Fz,0.017
wang,wpli_alpha_F7_Fz,0.027
wang,wpli_beta_F7_Fz,0.195
wang,wpli_gamma_F7_Fz,0.097
wang,wpli_delta_F8_Fz,0.056
wang,wpli_theta_F8_Fz,0.0535
wang,wpli_alpha_F8_Fz,0.0055
wang,wpli_beta_F8_Fz,0.021
wang,wpli_gamma_F8_Fz,0.4385
wang,wpli_delta_Fp1_Fz,0.889
wang,wpli_theta_Fp1_Fz,0.215
wang,wpli_alpha_Fp1_Fz,0.0555
wang,wpli_beta_Fp1_Fz,0.1285
wang,wpli_gamma_Fp1_Fz,0.0785
wang,wpli_delta_Fp2_Fz,0.073
wang,wpli_theta_Fp2_Fz,0.0945
wang,wpli_alpha_Fp2_Fz,0.028
wang,wpli_beta_Fp2_Fz,0.0455
wang,wpli_gamma_Fp2_Fz,0.655
wang,wpli_delta_C3_P7,0.155
wang,wpli_theta_C3_P7,0.0735
wang,wpli_alpha_C3_P7,0.0035
wang,wpli_beta_C3_P7,0.012
wang,wpli_gamma_C3_P7,0.0325
wang,wpli_delta_C4_P7,0.1125
wang,wpli_theta_C4_P7,0.132
wang,wpli_alpha_C4_P7,0.0295
wang,wpli_beta_C4_P7,0.095
wang,wpli_gamma_C4_P7,0.124
wang,wpli_delta_F3_P7,0.0275
wang,wpli_theta_F3_P7,0.0505
wang,wpli_alpha_F3_P7,0.0015
wang,wpli_beta_F3_P7,0.0195
wang,wpli_gamma_F3_P7,0.263
wang,wpli_delta_F4_P7,0.045
wang,wpli_theta_F4_P7,0.023
wang,wpli_alpha_F4_P7,0.001
wang,wpli_beta_F4_P7,0.048
wang,wpli_gamma_F4_P7,0.0685
wang,wpli_delta_F7_P7,0.1265
wang,wpli_theta_F7_P7,0.0975
wang,wpli_alpha_F7_P7,0.044
wang,wpli_beta_F7_P7,0.0335
wang,wpli_gamma_F7_P7,0.096
wang,wpli_delta_F8_P7,0.1455
wang,wpli_theta_F8_P7,0.301
wang,wpli_alpha_F8_P7,0.201
wang,wpli_beta_F8_P7,0.024
wang,wpli_gamma_F8_P7,0.2365
wang,wpli_delta_Fp1_P7,0.0385
wang,wpli_theta_Fp1_P7,0.0155
wang,wpli_alpha_Fp1_P7,0.378
wang,wpli_beta_Fp1_P7,0.0035
wang,wpli_gamma_Fp1_P7,0.082
wang,wpli_delta_Fp2_P7,0.047
wang,wpli_theta_Fp2_P7,0.061
wang,wpli_alpha_Fp2_P7,0.014
wang,wpli_beta_Fp2_P7,0.296
wang,wpli_gamma_Fp2_P7,0.389
wang,wpli_delta_Fz_P7,0.0185
wang,wpli_theta_Fz_P7,0.0265
wang,wpli_alpha_Fz_P7,0.0075
wang,wpli_beta_Fz_P7,0.055
wang,wpli_gamma_Fz_P7,0.0235
wang,wpli_delta_C3_P8,0.0195
wang,wpli_theta_C3_P8,0.057
wang,wpli_alpha_C3_P8,0.0115
wang,wpli_beta_C3_P8,0.074
wang,wpli_gamma_C3_P8,0.1195
wang,wpli_delta_C4_P8,0.119
wang,wpli_theta_C4_P8,0.1185
wang,wpli_alpha_C4_P8,0.0035
wang,wpli_beta_C4_P8,0.0825
wang,wpli_gamma_C4_P8,0.1105
wang,wpli_delta_F3_P8,0.035
wang,wpli_theta_F3_P8,0.039
wang,wpli_alpha_F3_P8,0.0185
wang,wpli_beta_F3_P8,0.0395
wang,wpli_gamma_F3_P8,0.0295
wang,wpli_delta_F4_P8,0.1855
wang,wpli_theta_F4_P8,0.5105
wang,wpli_alpha_F4_P8,0.0
wang,wpli_beta_F4_P8,0.3565
wang,wpli_gamma_F4_P8,0.03
wang,wpli_delta_F7_P8,0.176
wang,wpli_theta_F7_P8,0.2645
wang,wpli_alpha_F7_P8,0.0125
wang,wpli_beta_F7_P8,0.003
wang,wpli_gamma_F7_P8,0.071
wang,wpli_delta_F8_P8,0.098
wang,wpli_theta_F8_P8,0.458
wang,wpli_alpha_F8_P8,0.013
wang,wpli_beta_F8_P8,0.1915
wang,wpli_gamma_F8_P8,0.049
wang,wpli_delta_Fp1_P8,0.7055
wang,wpli_theta_Fp1_P8,0.01
wang,wpli_alpha_Fp1_P8,0.092
wang,wpli_beta_Fp1_P8,0.5405
wang,wpli_gamma_Fp1_P8,0.1395
wang,wpli_delta_Fp2_P8,0.049
wang,wpli_theta_Fp2_P8,0.205
wang,wpli_alpha_Fp2_P8,0.005
wang,wpli_beta_Fp2_P8,0.0625
wang,wpli_gamma_Fp2_P8,0.0315
wang,wpli_delta_Fz_P8,0.039
wang,wpli_theta_Fz_P8,0.007
wang,wpli_alpha_Fz_P8,0.0135
wang,wpli_beta_Fz_P8,0.234
wang,wpli_gamma_Fz_P8,0.0945
wang,wpli_delta_P7_P8,0.0935
wang,wpli_theta_P7_P8,0.164
wang,wpli_alpha_P7_P8,0.1425
wang,wpli_beta_P7_P8,0.1665
wang,wpli_gamma_P7_P8,0.0825
wang,wpli_delta_C3_T7,0.037
wang,wpli_theta_C3_T7,0.063
wang,wpli_alpha_C3_T7,0.023
wang,wpli_beta_C3_T7,0.0595
wang,wpli_gamma_C3_T7,0.34
wang,wpli_delta_C4_T7,0.1415
wang,wpli_theta_C4_T7,0.0675
wang,wpli_alpha_C4_T7,0.03
wang,wpli_beta_C4_T7,0.046
wang,wpli_gamma_C4_T7,0.217
wang,wpli_delta_F3_T7,0.0275
wang,wpli_theta_F3_T7,0.02
wang,wpli_alpha_F3_T7,0.0855
wang,wpli_beta_F3_T7,0.024
wang,wpli_gamma_F3_T7,0.0225
wang,wpli_delta_F4_T7,0.2725
wang,wpli_theta_F4_T7,0.02
wang,wpli_alpha_F4_T7,0.045
wang,wpli_beta_F4_T7,0.0595
wang,wpli_gamma_F4_T7,0.1835
wang,wpli_delta_F7_T7,0.2325
wang,wpli_theta_F7_T7,0.083
wang,wpli_alpha_F7_T7,0.1645
wang,wpli_beta_F7_T7,0.0255
wang,wpli_gamma_F7_T7,0.203
wang,wpli_delta_F8_T7,0.209
wang,wpli_theta_F8_T7,0.0155
wang,wpli_alpha_F8_T7,0.0735
wang,wpli_beta_F8_T7,0.0465
wang,wpli_gamma_F8_T7,0.201
wang,wpli_delta_Fp1_T7,0.079
wang,wpli_theta_Fp1_T7,0.0355
wang,wpli_alpha_Fp1_T7,0.3595
wang,wpli_beta_Fp1_T7,0.049
wang,wpli_gamma_Fp1_T7,0.0655
wang,wpli_delta_Fp2_T7,0.112
wang,wpli_theta_Fp2_T7,0.0195
wang,wpli_alpha_Fp2_T7,0.0555
wang,wpli_beta_Fp2_T7,0.0125
wang,wpli_gamma_Fp2_T7,0.1795
wang,wpli_delta_Fz_T7,0.0395
wang,wpli_theta_Fz_T7,0.01
wang,wpli_alpha_Fz_T7,0.0755
wang,wpli_beta_Fz_T7,0.032
wang,wpli_gamma_Fz_T7,0.0525
wang,wpli_delta_P7_T7,0.096
wang,wpli_theta_P7_T7,0.115
wang,wpli_alpha_P7_T7,0.1535
wang,wpli_beta_P7_T7,0.2805
wang,wpli_gamma_P7_T7,0.1
wang,wpli_delta_P8_T7,0.132
wang,wpli_theta_P8_T7,0.091
wang,wpli_alpha_P8_T7,0.053
wang,wpli_beta_P8_T7,0.2755
wang,wpli_gamma_P8_T7,0.1285
wang,wpli_delta_C3_T8,0.096
wang,wpli_theta_C3_T8,0.088
wang,wpli_alpha_C3_T8,0.079
wang,wpli_beta_C3_T8,0.0125
wang,wpli_gamma_C3_T8,0.062
wang,wpli_delta_C4_T8,0.27
wang,wpli_theta_C4_T8,0.012
wang,wpli_alpha_C4_T8,0.051
wang,wpli_beta_C4_T8,0.063
wang,wpli_gamma_C4_T8,0.046
wang,wpli_delta_F3_T8,0.07
wang,wpli_theta_F3_T8,0.0125
wang,wpli_alpha_F3_T8,0.501
wang,wpli_beta_F3_T8,0.111
wang,wpli_gamma_F3_T8,0.0415
wang,wpli_delta_F4_T8,0.5705
wang,wpli_theta_F4_T8,0.0145
wang,wpli_alpha_F4_T8,0.012
wang,wpli_beta_F4_T8,0.0975
wang,wpli_gamma_F4_T8,0.099
wang,wpli_delta_F7_T8,0.481
wang,wpli_theta_F7_T8,0.034
wang,wpli_alpha_F7_T8,0.0335
wang,wpli_beta_F7_T8,0.053
wang,wpli_gamma_F7_T8,0.0525
wang,wpli_delta_F8_T8,0.094
wang,wpli_theta_F8_T8,0.251
wang,wpli_alpha_F8_T8,0.099
wang,wpli_beta_F8_T8,0.019
wang,wpli_gamma_F8_T8,0.141
wang,wpli_delta_Fp1_T8,0.07
wang,wpli_theta_Fp1_T8,0.0145
wang,wpli_alpha_Fp1_T8,0.206
wang,wpli_beta_Fp1_T8,0.0415
wang,wpli_gamma_Fp1_T8,0.0565
wang,wpli_delta_Fp2_T8,0.2415
wang,wpli_theta_Fp2_T8,0.121
wang,wpli_alpha_Fp2_T8,0.115
wang,wpli_beta_Fp2_T8,0.014
wang,wpli_gamma_Fp2_T8,0.097
wang,wpli_delta_Fz_T8,0.0885
wang,wpli_theta_Fz_T8,0.014
wang,wpli_alpha_Fz_T8,0.0465
wang,wpli_beta_Fz_T8,0.064
wang,wpli_gamma_Fz_T8,0.06
wang,wpli_delta_P7_T8,0.3845
wang,wpli_theta_P7_T8,0.037
wang,wpli_alpha_P7_T8,0.174
wang,wpli_beta_P7_T8,0.0345
wang,wpli_gamma_P7_T8,0.243
wang,wpli_delta_P8_T8,0.0745
wang,wpli_theta_P8_T8,0.187
wang,wpli_alpha_P8_T8,0.053
wang,wpli_beta_P8_T8,0.149
wang,wpli_gamma_P8_T8,0.063
wang,wpli_delta_T7_T8,0.5485
wang,wpli_theta_T7_T8,0.0515
wang,wpli_alpha_T7_T8,0.0305
wang,wpli_beta_T7_T8,0.0915
wang,wpli_gamma_T7_T8,0.054
wang,plzc_C3,0.005
wang,plzc_C4,0.001
wang,plzc_F3,0.0015
wang,plzc_F4,0.002
wang,plzc_F7,0.0005
wang,plzc_F8,0.0015
wang,plzc_Fp1,0.001
wang,plzc_Fp2,0.003
wang,plzc_Fz,0.0035
wang,plzc_P7,0.005
wang,plzc_P8,0.003
wang,plzc_T7,0.0005
wang,plzc_T8,0.0005
